#
# There is insufficient memory for the Java Runtime Environment to continue.
# Native memory allocation (mmap) failed to map 65536 bytes for Failed to commit metaspace.
# Possible reasons:
#   The system is out of physical RAM or swap space
#   The process is running with CompressedOops enabled, and the Java Heap may be blocking the growth of the native heap
# Possible solutions:
#   Reduce memory load on the system
#   Increase physical memory or swap space
#   Check if swap backing store is full
#   Decrease Java heap size (-Xmx/-Xms)
#   Decrease number of Java threads
#   Decrease Java thread stack sizes (-Xss)
#   Set larger code cache with -XX:ReservedCodeCacheSize=
#   JVM is running with Zero Based Compressed Oops mode in which the Java heap is
#     placed in the first 32GB address space. The Java Heap base address is the
#     maximum limit for the native heap growth. Please use -XX:HeapBaseMinAddress
#     to set the Java Heap base and to place the Java Heap above 32GB virtual address.
# This output file may be truncated or incomplete.
#
#  Out of Memory Error (virtualSpaceNode.cpp:112), pid=7248, tid=3832
#
# JRE version: Java(TM) SE Runtime Environment (21.0.2+13) (build 21.0.2+13-LTS-58)
# Java VM: Java HotSpot(TM) 64-Bit Server VM (21.0.2+13-LTS-58, mixed mode, emulated-client, sharing, tiered, compressed oops, compressed class ptrs, g1 gc, windows-amd64)
# No core dump will be written. Minidumps are not enabled by default on client versions of Windows
#

---------------  S U M M A R Y ------------

Command Line: -XX:TieredStopAtLevel=1 -Dspring.output.ansi.enabled=always -Dcom.sun.management.jmxremote -Dspring.jmx.enabled=true -Dspring.liveBeansView.mbeanDomain -Dspring.application.admin.enabled=true -Dmanagement.endpoints.jmx.exposure.include=* -javaagent:C:\Program Files\JetBrains\IntelliJ IDEA 2024.3.1.1\lib\idea_rt.jar=59185:C:\Program Files\JetBrains\IntelliJ IDEA 2024.3.1.1\bin -Dfile.encoding=UTF-8 -Dsun.stdout.encoding=UTF-8 -Dsun.stderr.encoding=UTF-8 com.example.bjwaexam.BjwaExamApplication

Host: Intel(R) Core(TM) i5-8350U CPU @ 1.70GHz, 8 cores, 15G,  Windows 11 , 64 bit Build 22621 (10.0.22621.3374)
Time: Fri Mar 14 08:57:33 2025 SE Asia Standard Time elapsed time: 38.023141 seconds (0d 0h 0m 38s)

---------------  T H R E A D  ---------------

Current thread (0x000002a8df85a450):  JavaThread "http-nio-8080-exec-1" daemon [_thread_in_vm, id=3832, stack(0x000000c65d000000,0x000000c65d100000) (1024K)]

Stack: [0x000000c65d000000,0x000000c65d100000]
Native frames: (J=compiled Java code, j=interpreted, Vv=VM code, C=native code)
V  [jvm.dll+0x6cade9]
V  [jvm.dll+0x8569c1]
V  [jvm.dll+0x858d2e]
V  [jvm.dll+0x859413]
V  [jvm.dll+0x280e56]
V  [jvm.dll+0x8526ee]
V  [jvm.dll+0x66e705]
V  [jvm.dll+0x1e68cc]
V  [jvm.dll+0x1e669e]
V  [jvm.dll+0x67104c]
V  [jvm.dll+0x670e62]
V  [jvm.dll+0x66f0de]
V  [jvm.dll+0x26b47f]
V  [jvm.dll+0x679305]
V  [jvm.dll+0x217b73]
V  [jvm.dll+0x2180b5]
V  [jvm.dll+0x218ad1]
V  [jvm.dll+0x20dd9e]
V  [jvm.dll+0x5ad3dc]
V  [jvm.dll+0x7cf5e6]
V  [jvm.dll+0x470270]
V  [jvm.dll+0x475ef8]
C  [java.dll+0x17ec]

Java frames: (J=compiled Java code, j=interpreted, Vv=VM code)
J 1525  java.lang.ClassLoader.defineClass1(Ljava/lang/ClassLoader;Ljava/lang/String;[BIILjava/security/ProtectionDomain;Ljava/lang/String;)Ljava/lang/Class; java.base@21.0.2 (0 bytes) @ 0x000002a88c8e9191 [0x000002a88c8e90c0+0x00000000000000d1]
J 1553 c1 java.lang.ClassLoader.defineClass(Ljava/lang/String;[BIILjava/security/ProtectionDomain;)Ljava/lang/Class; java.base@21.0.2 (43 bytes) @ 0x000002a88c8f6f04 [0x000002a88c8f6de0+0x0000000000000124]
J 1554 c1 jdk.internal.loader.BuiltinClassLoader.defineClass(Ljava/lang/String;Ljdk/internal/loader/Resource;)Ljava/lang/Class; java.base@21.0.2 (121 bytes) @ 0x000002a88c8f86a4 [0x000002a88c8f8140+0x0000000000000564]
J 1550 c1 jdk.internal.loader.BuiltinClassLoader.findClassOnClassPathOrNull(Ljava/lang/String;)Ljava/lang/Class; java.base@21.0.2 (64 bytes) @ 0x000002a88c8f613c [0x000002a88c8f5e60+0x00000000000002dc]
J 1320 c1 jdk.internal.loader.BuiltinClassLoader.loadClassOrNull(Ljava/lang/String;Z)Ljava/lang/Class; java.base@21.0.2 (143 bytes) @ 0x000002a88c88c08c [0x000002a88c88bc80+0x000000000000040c]
J 1410 c1 jdk.internal.loader.ClassLoaders$AppClassLoader.loadClass(Ljava/lang/String;Z)Ljava/lang/Class; java.base@21.0.2 (40 bytes) @ 0x000002a88c8b3a0c [0x000002a88c8b39c0+0x000000000000004c]
J 1405 c1 java.lang.ClassLoader.loadClass(Ljava/lang/String;)Ljava/lang/Class; java.base@21.0.2 (7 bytes) @ 0x000002a88c8b2194 [0x000002a88c8b2140+0x0000000000000054]
v  ~StubRoutines::call_stub 0x000002a88c3e100d
j  org.thymeleaf.cache.StandardCacheManager.initializeTemplateCache()Lorg/thymeleaf/cache/ICache;+11
j  org.thymeleaf.cache.AbstractCacheManager.getTemplateCache()Lorg/thymeleaf/cache/ICache;+20
j  org.thymeleaf.engine.TemplateManager.<init>(Lorg/thymeleaf/IEngineConfiguration;)V+39
j  org.thymeleaf.EngineConfiguration.initialize()V+6
j  org.thymeleaf.TemplateEngine.initialize()V+107
j  org.thymeleaf.TemplateEngine.getConfiguration()Lorg/thymeleaf/IEngineConfiguration;+8
j  org.thymeleaf.spring6.view.ThymeleafView.renderFragment(Ljava/util/Set;Ljava/util/Map;Ljakarta/servlet/http/HttpServletRequest;Ljakarta/servlet/http/HttpServletResponse;)V+264
j  org.thymeleaf.spring6.view.ThymeleafView.render(Ljava/util/Map;Ljakarta/servlet/http/HttpServletRequest;Ljakarta/servlet/http/HttpServletResponse;)V+8
j  org.springframework.web.servlet.DispatcherServlet.render(Lorg/springframework/web/servlet/ModelAndView;Ljakarta/servlet/http/HttpServletRequest;Ljakarta/servlet/http/HttpServletResponse;)V+224
j  org.springframework.web.servlet.DispatcherServlet.processDispatchResult(Ljakarta/servlet/http/HttpServletRequest;Ljakarta/servlet/http/HttpServletResponse;Lorg/springframework/web/servlet/HandlerExecutionChain;Lorg/springframework/web/servlet/ModelAndView;Ljava/lang/Exception;)V+103
j  org.springframework.web.servlet.DispatcherServlet.doDispatch(Ljakarta/servlet/http/HttpServletRequest;Ljakarta/servlet/http/HttpServletResponse;)V+428
j  org.springframework.web.servlet.DispatcherServlet.doService(Ljakarta/servlet/http/HttpServletRequest;Ljakarta/servlet/http/HttpServletResponse;)V+242
j  org.springframework.web.servlet.FrameworkServlet.processRequest(Ljakarta/servlet/http/HttpServletRequest;Ljakarta/servlet/http/HttpServletResponse;)V+70
j  org.springframework.web.servlet.FrameworkServlet.doGet(Ljakarta/servlet/http/HttpServletRequest;Ljakarta/servlet/http/HttpServletResponse;)V+3
j  jakarta.servlet.http.HttpServlet.service(Ljakarta/servlet/http/HttpServletRequest;Ljakarta/servlet/http/HttpServletResponse;)V+35
j  org.springframework.web.servlet.FrameworkServlet.service(Ljakarta/servlet/http/HttpServletRequest;Ljakarta/servlet/http/HttpServletResponse;)V+20
j  jakarta.servlet.http.HttpServlet.service(Ljakarta/servlet/ServletRequest;Ljakarta/servlet/ServletResponse;)V+37
j  org.apache.catalina.core.ApplicationFilterChain.internalDoFilter(Ljakarta/servlet/ServletRequest;Ljakarta/servlet/ServletResponse;)V+300
j  org.apache.catalina.core.ApplicationFilterChain.doFilter(Ljakarta/servlet/ServletRequest;Ljakarta/servlet/ServletResponse;)V+99
j  org.apache.tomcat.websocket.server.WsFilter.doFilter(Ljakarta/servlet/ServletRequest;Ljakarta/servlet/ServletResponse;Ljakarta/servlet/FilterChain;)V+21
j  org.apache.catalina.core.ApplicationFilterChain.internalDoFilter(Ljakarta/servlet/ServletRequest;Ljakarta/servlet/ServletResponse;)V+130
j  org.apache.catalina.core.ApplicationFilterChain.doFilter(Ljakarta/servlet/ServletRequest;Ljakarta/servlet/ServletResponse;)V+99
j  org.springframework.web.filter.RequestContextFilter.doFilterInternal(Ljakarta/servlet/http/HttpServletRequest;Ljakarta/servlet/http/HttpServletResponse;Ljakarta/servlet/FilterChain;)V+21
j  org.springframework.web.filter.OncePerRequestFilter.doFilter(Ljakarta/servlet/ServletRequest;Ljakarta/servlet/ServletResponse;Ljakarta/servlet/FilterChain;)V+150
j  org.apache.catalina.core.ApplicationFilterChain.internalDoFilter(Ljakarta/servlet/ServletRequest;Ljakarta/servlet/ServletResponse;)V+130
j  org.apache.catalina.core.ApplicationFilterChain.doFilter(Ljakarta/servlet/ServletRequest;Ljakarta/servlet/ServletResponse;)V+99
j  org.springframework.web.filter.FormContentFilter.doFilterInternal(Ljakarta/servlet/http/HttpServletRequest;Ljakarta/servlet/http/HttpServletResponse;Ljakarta/servlet/FilterChain;)V+38
j  org.springframework.web.filter.OncePerRequestFilter.doFilter(Ljakarta/servlet/ServletRequest;Ljakarta/servlet/ServletResponse;Ljakarta/servlet/FilterChain;)V+150
j  org.apache.catalina.core.ApplicationFilterChain.internalDoFilter(Ljakarta/servlet/ServletRequest;Ljakarta/servlet/ServletResponse;)V+130
j  org.apache.catalina.core.ApplicationFilterChain.doFilter(Ljakarta/servlet/ServletRequest;Ljakarta/servlet/ServletResponse;)V+99
j  org.springframework.web.filter.CharacterEncodingFilter.doFilterInternal(Ljakarta/servlet/http/HttpServletRequest;Ljakarta/servlet/http/HttpServletResponse;Ljakarta/servlet/FilterChain;)V+53
j  org.springframework.web.filter.OncePerRequestFilter.doFilter(Ljakarta/servlet/ServletRequest;Ljakarta/servlet/ServletResponse;Ljakarta/servlet/FilterChain;)V+150
j  org.apache.catalina.core.ApplicationFilterChain.internalDoFilter(Ljakarta/servlet/ServletRequest;Ljakarta/servlet/ServletResponse;)V+130
j  org.apache.catalina.core.ApplicationFilterChain.doFilter(Ljakarta/servlet/ServletRequest;Ljakarta/servlet/ServletResponse;)V+99
j  org.apache.catalina.core.StandardWrapperValve.invoke(Lorg/apache/catalina/connector/Request;Lorg/apache/catalina/connector/Response;)V+514
j  org.apache.catalina.core.StandardContextValve.invoke(Lorg/apache/catalina/connector/Request;Lorg/apache/catalina/connector/Response;)V+169
j  org.apache.catalina.authenticator.AuthenticatorBase.invoke(Lorg/apache/catalina/connector/Request;Lorg/apache/catalina/connector/Response;)V+221
j  org.apache.catalina.core.StandardHostValve.invoke(Lorg/apache/catalina/connector/Request;Lorg/apache/catalina/connector/Response;)V+131
j  org.apache.catalina.valves.ErrorReportValve.invoke(Lorg/apache/catalina/connector/Request;Lorg/apache/catalina/connector/Response;)V+6
j  org.apache.catalina.core.StandardEngineValve.invoke(Lorg/apache/catalina/connector/Request;Lorg/apache/catalina/connector/Response;)V+59
j  org.apache.catalina.connector.CoyoteAdapter.service(Lorg/apache/coyote/Request;Lorg/apache/coyote/Response;)V+188
j  org.apache.coyote.http11.Http11Processor.service(Lorg/apache/tomcat/util/net/SocketWrapperBase;)Lorg/apache/tomcat/util/net/AbstractEndpoint$Handler$SocketState;+796
j  org.apache.coyote.AbstractProcessorLight.process(Lorg/apache/tomcat/util/net/SocketWrapperBase;Lorg/apache/tomcat/util/net/SocketEvent;)Lorg/apache/tomcat/util/net/AbstractEndpoint$Handler$SocketState;+155
j  org.apache.coyote.AbstractProtocol$ConnectionHandler.process(Lorg/apache/tomcat/util/net/SocketWrapperBase;Lorg/apache/tomcat/util/net/SocketEvent;)Lorg/apache/tomcat/util/net/AbstractEndpoint$Handler$SocketState;+482
j  org.apache.tomcat.util.net.NioEndpoint$SocketProcessor.doRun()V+249
j  org.apache.tomcat.util.net.SocketProcessorBase.run()V+32
j  org.apache.tomcat.util.threads.ThreadPoolExecutor.runWorker(Lorg/apache/tomcat/util/threads/ThreadPoolExecutor$Worker;)V+92
j  org.apache.tomcat.util.threads.ThreadPoolExecutor$Worker.run()V+5
j  org.apache.tomcat.util.threads.TaskThread$WrappingRunnable.run()V+4
j  java.lang.Thread.runWith(Ljava/lang/Object;Ljava/lang/Runnable;)V+5 java.base@21.0.2
j  java.lang.Thread.run()V+19 java.base@21.0.2
v  ~StubRoutines::call_stub 0x000002a88c3e100d

Compiled method (n/a)   38057 1525     n 0       java.lang.ClassLoader::defineClass1 (native)
 total in heap  [0x000002a88c8e8f10,0x000002a88c8e9570] = 1632
 relocation     [0x000002a88c8e9070,0x000002a88c8e90a8] = 56
 main code      [0x000002a88c8e90c0,0x000002a88c8e956f] = 1199
 stub code      [0x000002a88c8e956f,0x000002a88c8e9570] = 1

[Constant Pool (empty)]

[MachCode]
[Entry Point]
  # {method} {0x000002a89743cd80} 'defineClass1' '(Ljava/lang/ClassLoader;Ljava/lang/String;[BIILjava/security/ProtectionDomain;Ljava/lang/String;)Ljava/lang/Class;' in 'java/lang/ClassLoader'
  # parm0:    rdx:rdx   = 'java/lang/ClassLoader'
  # parm1:    r8:r8     = 'java/lang/String'
  # parm2:    r9:r9     = '[B'
  # parm3:    rdi       = int
  # parm4:    rsi       = int
  # parm5:    rcx:rcx   = 'java/security/ProtectionDomain'
  # parm6:    [sp+0xa0]   = 'java/lang/String'  (sp of caller)
  0x000002a88c8e90c0: 448b 5208 | 49bb 0000 | 0097 a802 | 0000 4d03 | d349 3bc2 | 0f84 0600 

  0x000002a88c8e90d8: ;   {runtime_call ic_miss_stub}
  0x000002a88c8e90d8: 0000 e9a1 | 56b4 ff90 
[Verified Entry Point]
  0x000002a88c8e90e0: 8984 2400 | 80ff ff55 | 488b ec48 | 81ec 9000 | 0000 6690 | 4181 7f20 | 0700 0000 

  0x000002a88c8e90fc: ;   {runtime_call StubRoutines (final stubs)}
  0x000002a88c8e90fc: 7405 e85d | bcb2 ff48 | 837d 1000 | 488d 4510 | 480f 4445 | 1048 8944 | 2440 4889 | 4c24 7048 
  0x000002a88c8e911c: 83f9 0048 | 8d44 2470 | 480f 4444 | 2470 4889 | 4424 3848 | 8974 2430 | 4889 7c24 | 284c 894c 
  0x000002a88c8e913c: 2458 4983 | f900 488d | 4424 5848 | 0f44 4424 | 5848 8944 | 2420 4c89 | 4424 5049 | 83f8 004c 
  0x000002a88c8e915c: 8d4c 2450 | 4c0f 444c | 2450 4889 | 5424 4848 | 83fa 004c | 8d44 2448 | 4c0f 4444 

  0x000002a88c8e9178: ;   {oop(a 'java/lang/Class'{0x00000007021c4080} = 'java/lang/ClassLoader')}
  0x000002a88c8e9178: 2448 49be | 8040 1c02 | 0700 0000 | 4c89 7424 | 784c 8d74 | 2478 498b | d6c5 f877 

  0x000002a88c8e9194: ;   {internal_word}
  0x000002a88c8e9194: 49ba 9191 | 8e8c a802 | 0000 4d89 | 97a0 0300 | 0049 89a7 | 9803 0000 

  0x000002a88c8e91ac: ;   {external_word}
  0x000002a88c8e91ac: 49ba f945 | 4041 f97f | 0000 4180 | 3a00 0f84 | 4e00 0000 | 5241 5041 

  0x000002a88c8e91c4: ;   {metadata({method} {0x000002a89743cd80} 'defineClass1' '(Ljava/lang/ClassLoader;Ljava/lang/String;[BIILjava/security/ProtectionDomain;Ljava/lang/String;)Ljava/lang/Class;' in 'java/lang/ClassLoader')}
  0x000002a88c8e91c4: 5148 ba78 | cd43 97a8 | 0200 0049 | 8bcf 4883 | ec20 40f6 | c40f 0f84 | 1900 0000 | 4883 ec08 
  0x000002a88c8e91e4: ;   {runtime_call}
  0x000002a88c8e91e4: 48b8 4009 | f140 f97f | 0000 ffd0 | 4883 c408 | e90c 0000 

  0x000002a88c8e91f8: ;   {runtime_call}
  0x000002a88c8e91f8: 0048 b840 | 09f1 40f9 | 7f00 00ff | d048 83c4 | 2041 5941 | 585a 498d | 8fb8 0300 | 0041 c787 
  0x000002a88c8e9218: 4c04 0000 | 0400 0000 

  0x000002a88c8e9220: ;   {runtime_call}
  0x000002a88c8e9220: 48b8 ac16 | a6bd f97f | 0000 ffd0 | c5f8 7741 | c787 4c04 | 0000 0500 | 0000 f083 | 4424 c000 
  0x000002a88c8e9240: 493b af50 | 0400 000f | 870e 0000 | 0041 83bf | 4804 0000 | 000f 842b | 0000 00c5 | f877 4889 
  0x000002a88c8e9260: 45f8 498b | cf4c 8be4 | 4883 ec20 | 4883 e4f0 

  0x000002a88c8e9270: ;   {runtime_call}
  0x000002a88c8e9270: 48b8 d0c3 | bc40 f97f | 0000 ffd0 | 498b e44d | 33e4 488b | 45f8 41c7 | 874c 0400 | 0008 0000 
  0x000002a88c8e9290: 0041 83bf | c804 0000 | 020f 84a3 

  0x000002a88c8e929c: ;   {external_word}
  0x000002a88c8e929c: 0200 0049 | baf9 4540 | 41f9 7f00 | 0041 803a | 000f 844c | 0000 0048 

  0x000002a88c8e92b4: ;   {metadata({method} {0x000002a89743cd80} 'defineClass1' '(Ljava/lang/ClassLoader;Ljava/lang/String;[BIILjava/security/ProtectionDomain;Ljava/lang/String;)Ljava/lang/Class;' in 'java/lang/ClassLoader')}
  0x000002a88c8e92b4: 8945 f848 | ba78 cd43 | 97a8 0200 | 0049 8bcf | 4883 ec20 | 40f6 c40f | 0f84 1900 | 0000 4883 
  0x000002a88c8e92d4: ;   {runtime_call}
  0x000002a88c8e92d4: ec08 48b8 | 4009 f140 | f97f 0000 | ffd0 4883 | c408 e90c 

  0x000002a88c8e92e8: ;   {runtime_call}
  0x000002a88c8e92e8: 0000 0048 | b840 09f1 | 40f9 7f00 | 00ff d048 | 83c4 2048 | 8b45 f849 | c787 9803 | 0000 0000 
  0x000002a88c8e9308: 0000 49c7 | 87a0 0300 | 0000 0000 | 00c5 f877 | 4885 c00f | 84fe 0100 | 00a8 030f | 8508 0000 
  0x000002a88c8e9328: 0048 8b00 | e9ee 0100 | 00a8 010f | 8509 0000 | 0048 8b40 | fee9 dd01 | 0000 488b | 40ff 4180 
  0x000002a88c8e9348: 7f40 000f | 84ce 0100 | 0048 83f8 | 000f 84c4 | 0100 0049 | 8b4f 2848 | 83f9 000f | 8414 0000 
  0x000002a88c8e9368: 0048 83e9 | 0849 894f | 2849 034f | 3848 8901 | e9a2 0100 | 0048 81ec | d000 0000 | 4889 0424 
  0x000002a88c8e9388: 4889 4c24 | 0848 8954 | 2410 4889 | 7424 1848 | 897c 2420 | 4c89 4424 | 284c 894c | 2430 4c89 
  0x000002a88c8e93a8: 5424 384c | 895c 2440 | c5fb 1144 | 2450 c5fb | 114c 2458 | c5fb 1154 | 2460 c5fb | 115c 2468 
  0x000002a88c8e93c8: c5fb 1164 | 2470 c5fb | 116c 2478 | c5fb 11b4 | 2480 0000 | 00c5 fb11 | bc24 8800 | 0000 c57b 
  0x000002a88c8e93e8: ;   {no_reloc}
  0x000002a88c8e93e8: 1184 2490 | 0000 00c5 | 7b11 8c24 | 9800 0000 | c57b 1194 | 24a0 0000 | 00c5 7b11 | 9c24 a800 
  0x000002a88c8e9408: 0000 c57b | 11a4 24b0 | 0000 00c5 | 7b11 ac24 | b800 0000 | c57b 11b4 | 24c0 0000 | 00c5 7b11 
  0x000002a88c8e9428: bc24 c800 | 0000 498b | d748 8bc8 | 4883 ec20 | 40f6 c40f | 0f84 1900 | 0000 4883 

  0x000002a88c8e9444: ;   {runtime_call}
  0x000002a88c8e9444: ec08 48b8 | 9026 b040 | f97f 0000 | ffd0 4883 | c408 e90c 

  0x000002a88c8e9458: ;   {runtime_call}
  0x000002a88c8e9458: 0000 0048 | b890 26b0 | 40f9 7f00 | 00ff d048 | 83c4 20c5 | 7b10 bc24 | c800 0000 | c57b 10b4 
  0x000002a88c8e9478: 24c0 0000 | 00c5 7b10 | ac24 b800 | 0000 c57b | 10a4 24b0 | 0000 00c5 | 7b10 9c24 | a800 0000 
  0x000002a88c8e9498: c57b 1094 | 24a0 0000 | 00c5 7b10 | 8c24 9800 | 0000 c57b | 1084 2490 | 0000 00c5 | fb10 bc24 
  0x000002a88c8e94b8: 8800 0000 | c5fb 10b4 | 2480 0000 | 00c5 fb10 | 6c24 78c5 | fb10 6424 | 70c5 fb10 | 5c24 68c5 
  0x000002a88c8e94d8: fb10 5424 | 60c5 fb10 | 4c24 58c5 | fb10 4424 | 504c 8b5c | 2440 4c8b | 5424 384c | 8b4c 2430 
  0x000002a88c8e94f8: 4c8b 4424 | 2848 8b7c | 2420 488b | 7424 1848 | 8b54 2410 | 488b 4c24 | 0848 8b04 | 2448 81c4 
  0x000002a88c8e9518: d000 0000 | c5f8 7749 | 8b8f 2804 | 0000 c781 | 0001 0000 | 0000 0000 | c949 837f | 0800 0f85 
  0x000002a88c8e9538: 0100 0000 

  0x000002a88c8e953c: ;   {runtime_call StubRoutines (initial stubs)}
  0x000002a88c8e953c: c3e9 be79 | afff c5f8 | 7748 8945 | f84c 8be4 | 4883 ec20 | 4883 e4f0 

  0x000002a88c8e9554: ;   {runtime_call}
  0x000002a88c8e9554: 48b8 7041 | f140 f97f | 0000 ffd0 | 498b e44d | 33e4 488b | 45f8 e930 | fdff fff4 
[/MachCode]


Compiled method (c1)   38067 1553       1       java.lang.ClassLoader::defineClass (43 bytes)
 total in heap  [0x000002a88c8f6c10,0x000002a88c8f71d8] = 1480
 relocation     [0x000002a88c8f6d70,0x000002a88c8f6de0] = 112
 main code      [0x000002a88c8f6de0,0x000002a88c8f6fa8] = 456
 stub code      [0x000002a88c8f6fa8,0x000002a88c8f7020] = 120
 metadata       [0x000002a88c8f7020,0x000002a88c8f7050] = 48
 scopes data    [0x000002a88c8f7050,0x000002a88c8f7108] = 184
 scopes pcs     [0x000002a88c8f7108,0x000002a88c8f71a8] = 160
 dependencies   [0x000002a88c8f71a8,0x000002a88c8f71b0] = 8
 nul chk table  [0x000002a88c8f71b0,0x000002a88c8f71d8] = 40

[Constant Pool (empty)]

[MachCode]
[Entry Point]
  # {method} {0x000002a89743d100} 'defineClass' '(Ljava/lang/String;[BIILjava/security/ProtectionDomain;)Ljava/lang/Class;' in 'java/lang/ClassLoader'
  # this:     rdx:rdx   = 'java/lang/ClassLoader'
  # parm0:    r8:r8     = 'java/lang/String'
  # parm1:    r9:r9     = '[B'
  # parm2:    rdi       = int
  # parm3:    rsi       = int
  # parm4:    rcx:rcx   = 'java/security/ProtectionDomain'
  #           [sp+0xc0]  (sp of caller)
  0x000002a88c8f6de0: 448b 5208 | 49bb 0000 | 0097 a802 | 0000 4d03 | d34c 3bd0 

  0x000002a88c8f6df4: ;   {runtime_call ic_miss_stub}
  0x000002a88c8f6df4: 0f85 8679 | b3ff 660f | 1f44 0000 
[Verified Entry Point]
  0x000002a88c8f6e00: 8984 2400 | 80ff ff55 | 4881 ecb0 | 0000 0090 | 4181 7f20 | 0700 0000 

  0x000002a88c8f6e18: ;   {runtime_call StubRoutines (final stubs)}
  0x000002a88c8f6e18: 7405 e841 | dfb1 ff48 | 8954 2478 | 89b4 2494 | 0000 0089 | bc24 9000 | 0000 4c89 | 8c24 8800 
  0x000002a88c8f6e38: 0000 498b | d84c 8bc3 | 4c8b c948 | 8bca 488b | d148 899c | 2480 0000 | 0066 0f1f 

  0x000002a88c8f6e54: ;   {optimized virtual_call}
  0x000002a88c8f6e54: 4400 00e8 

  0x000002a88c8f6e58: ; ImmutableOopMap {[120]=Oop [128]=Oop [136]=Oop }
                      ;*invokevirtual preDefineClass {reexecute=0 rethrow=0 return_oop=0}
                      ; - java.lang.ClassLoader::defineClass@4 (line 1025)
  0x000002a88c8f6e58: 64c5 ffff 

  0x000002a88c8f6e5c: ;   {other}
  0x000002a88c8f6e5c: 0f1f 8400 | 4c02 0000 | 4889 8424 | 9800 0000 

  0x000002a88c8f6e6c: ; implicit exception: dispatches to 0x000002a88c8f6f52
  0x000002a88c8f6e6c: 448b 4010 | 49c1 e003 | 4d85 c00f | 850f 0000 

  0x000002a88c8f6e7c: ;   {oop(nullptr)}
  0x000002a88c8f6e7c: 0048 bb00 | 0000 0000 | 0000 00e9 | 4300 0000 

  0x000002a88c8f6e8c: ; implicit exception: dispatches to 0x000002a88c8f6f57
  0x000002a88c8f6e8c: 458b 400c | 49c1 e003 | 4d85 c00f | 850f 0000 

  0x000002a88c8f6e9c: ;   {oop(nullptr)}
  0x000002a88c8f6e9c: 0048 bb00 | 0000 0000 | 0000 00e9 | 2300 0000 

  0x000002a88c8f6eac: ; implicit exception: dispatches to 0x000002a88c8f6f5c
  0x000002a88c8f6eac: 418b 5038 | 48c1 e203 

  0x000002a88c8f6eb4: ; implicit exception: dispatches to 0x000002a88c8f6f61
                      ;   {optimized virtual_call}
  0x000002a88c8f6eb4: 483b 02e8 

  0x000002a88c8f6eb8: ; ImmutableOopMap {[120]=Oop [128]=Oop [136]=Oop [152]=Oop }
                      ;*invokevirtual toExternalForm {reexecute=0 rethrow=0 return_oop=0}
                      ; - java.net.URL::toExternalForm@5 (line 1203)
                      ; - java.net.URL::toString@1 (line 1189)
                      ; - java.lang.ClassLoader::defineClassSourceLocation@22 (line 927)
                      ; - java.lang.ClassLoader::defineClass@12 (line 1026)
  0x000002a88c8f6eb8: c4e6 fcff 

  0x000002a88c8f6ebc: ;   {other}
  0x000002a88c8f6ebc: 0f1f 8400 | ac02 0001 | 488b d848 | 8b84 2498 | 0000 008b | b424 9400 | 0000 8bbc | 2490 0000 
  0x000002a88c8f6edc: 004c 8b8c | 2488 0000 | 004c 8b84 | 2480 0000 | 0048 8b54 | 2478 4c8b | da49 8bd3 | 488b c848 
  0x000002a88c8f6efc: ;   {static_call}
  0x000002a88c8f6efc: 891c 24e8 

  0x000002a88c8f6f00: ; ImmutableOopMap {[120]=Oop [152]=Oop }
                      ;*invokestatic defineClass1 {reexecute=0 rethrow=0 return_oop=0}
                      ; - java.lang.ClassLoader::defineClass@27 (line 1027)
  0x000002a88c8f6f00: dc21 ffff 

  0x000002a88c8f6f04: ;   {other}
  0x000002a88c8f6f04: 0f1f 8400 | f402 0002 | 4c8b c04c | 8b8c 2498 | 0000 0048 | 8b54 2478 | 4889 8424 | a000 0000 
  0x000002a88c8f6f24: ;   {optimized virtual_call}
  0x000002a88c8f6f24: 6666 90e8 

  0x000002a88c8f6f28: ; ImmutableOopMap {[160]=Oop }
                      ;*invokevirtual postDefineClass {reexecute=0 rethrow=0 return_oop=0}
                      ; - java.lang.ClassLoader::defineClass@37 (line 1028)
  0x000002a88c8f6f28: 54dd ffff 

  0x000002a88c8f6f2c: ;   {other}
  0x000002a88c8f6f2c: 0f1f 8400 | 1c03 0003 | 488b 8424 | a000 0000 | 4881 c4b0 | 0000 005d 

  0x000002a88c8f6f44: ;   {poll_return}
  0x000002a88c8f6f44: 493b a750 | 0400 000f | 8715 0000 

  0x000002a88c8f6f50: ;   {runtime_call throw_null_pointer_exception Runtime1 stub}
  0x000002a88c8f6f50: 00c3 e8a9 

  0x000002a88c8f6f54: ; ImmutableOopMap {rax=Oop [120]=Oop [128]=Oop [136]=Oop [152]=Oop }
                      ;*invokevirtual getCodeSource {reexecute=0 rethrow=0 return_oop=0}
                      ; - java.lang.ClassLoader::defineClassSourceLocation@1 (line 924)
                      ; - java.lang.ClassLoader::defineClass@12 (line 1026)
                      ;   {runtime_call throw_null_pointer_exception Runtime1 stub}
  0x000002a88c8f6f54: e5be ffe8 

  0x000002a88c8f6f58: ; ImmutableOopMap {rax=Oop [120]=Oop [128]=Oop [136]=Oop [152]=Oop }
                      ;*invokevirtual getLocation {reexecute=0 rethrow=0 return_oop=0}
                      ; - java.lang.ClassLoader::defineClassSourceLocation@12 (line 926)
                      ; - java.lang.ClassLoader::defineClass@12 (line 1026)
  0x000002a88c8f6f58: a4e5 beff 

  0x000002a88c8f6f5c: ;   {runtime_call throw_null_pointer_exception Runtime1 stub}
  0x000002a88c8f6f5c: e89f e5be 

  0x000002a88c8f6f60: ; ImmutableOopMap {r8=Oop [120]=Oop [128]=Oop [136]=Oop [152]=Oop }
                      ;*invokevirtual toString {reexecute=0 rethrow=0 return_oop=0}
                      ; - java.lang.ClassLoader::defineClassSourceLocation@22 (line 927)
                      ; - java.lang.ClassLoader::defineClass@12 (line 1026)
                      ;   {runtime_call throw_null_pointer_exception Runtime1 stub}
  0x000002a88c8f6f60: ffe8 9ae5 

  0x000002a88c8f6f64: ; ImmutableOopMap {r8=Oop rdx=Oop [120]=Oop [128]=Oop [136]=Oop [152]=Oop }
                      ;*invokevirtual toExternalForm {reexecute=0 rethrow=0 return_oop=0}
                      ; - java.net.URL::toExternalForm@5 (line 1203)
                      ; - java.net.URL::toString@1 (line 1189)
                      ; - java.lang.ClassLoader::defineClassSourceLocation@22 (line 927)
                      ; - java.lang.ClassLoader::defineClass@12 (line 1026)
                      ;   {internal_word}
  0x000002a88c8f6f64: beff 49ba | 446f 8f8c | a802 0000 | 4d89 9768 

  0x000002a88c8f6f74: ;   {runtime_call SafepointBlob}
  0x000002a88c8f6f74: 0400 00e9 | 84e7 b3ff | 498b 8700 | 0500 0049 | c787 0005 | 0000 0000 | 0000 49c7 | 8708 0500 
  0x000002a88c8f6f94: 0000 0000 | 0048 81c4 | b000 0000 

  0x000002a88c8f6fa0: ;   {runtime_call unwind_exception Runtime1 stub}
  0x000002a88c8f6fa0: 5de9 5ad6 | beff f4f4 
[Stub Code]
  0x000002a88c8f6fa8: ;   {no_reloc}
  0x000002a88c8f6fa8: 0f1f 4400 

  0x000002a88c8f6fac: ;   {static_stub}
  0x000002a88c8f6fac: 0048 bb00 | 0000 0000 

  0x000002a88c8f6fb4: ;   {runtime_call}
  0x000002a88c8f6fb4: 0000 00e9 | fbff ffff 

  0x000002a88c8f6fbc: ;   {static_stub}
  0x000002a88c8f6fbc: 48bb 0000 | 0000 0000 

  0x000002a88c8f6fc4: ;   {runtime_call}
  0x000002a88c8f6fc4: 0000 e9fb 

  0x000002a88c8f6fc8: ;   {static_stub}
  0x000002a88c8f6fc8: ffff ff48 | bb00 0000 | 0000 0000 

  0x000002a88c8f6fd4: ;   {runtime_call}
  0x000002a88c8f6fd4: 00e9 fbff 

  0x000002a88c8f6fd8: ;   {static_stub}
  0x000002a88c8f6fd8: ffff 48bb | 0000 0000 | 0000 0000 

  0x000002a88c8f6fe4: ;   {runtime_call}
  0x000002a88c8f6fe4: e9fb ffff 

  0x000002a88c8f6fe8: ;   {runtime_call handle_exception_from_callee Runtime1 stub}
  0x000002a88c8f6fe8: ffe8 1203 

  0x000002a88c8f6fec: ;   {external_word}
  0x000002a88c8f6fec: bfff 48b9 | 0048 1841 | f97f 0000 | 4883 e4f0 

  0x000002a88c8f6ffc: ;   {runtime_call}
  0x000002a88c8f6ffc: 48b8 4024 | e040 f97f | 0000 ffd0 

  0x000002a88c8f7008: ;   {section_word}
  0x000002a88c8f7008: f449 ba09 | 708f 8ca8 | 0200 0041 

  0x000002a88c8f7014: ;   {runtime_call DeoptimizationBlob}
  0x000002a88c8f7014: 52e9 86d9 | b3ff f4f4 | f4f4 f4f4 
[/MachCode]


Compiled method (c1)   38077 1554       1       jdk.internal.loader.BuiltinClassLoader::defineClass (121 bytes)
 total in heap  [0x000002a88c8f7e90,0x000002a88c8f8db8] = 3880
 relocation     [0x000002a88c8f7ff0,0x000002a88c8f8138] = 328
 main code      [0x000002a88c8f8140,0x000002a88c8f8818] = 1752
 stub code      [0x000002a88c8f8818,0x000002a88c8f8938] = 288
 metadata       [0x000002a88c8f8938,0x000002a88c8f8980] = 72
 scopes data    [0x000002a88c8f8980,0x000002a88c8f8bd8] = 600
 scopes pcs     [0x000002a88c8f8bd8,0x000002a88c8f8d78] = 416
 dependencies   [0x000002a88c8f8d78,0x000002a88c8f8d80] = 8
 handler table  [0x000002a88c8f8d80,0x000002a88c8f8d98] = 24
 nul chk table  [0x000002a88c8f8d98,0x000002a88c8f8db8] = 32

[Constant Pool (empty)]

[MachCode]
[Entry Point]
  # {method} {0x000002a89706a130} 'defineClass' '(Ljava/lang/String;Ljdk/internal/loader/Resource;)Ljava/lang/Class;' in 'jdk/internal/loader/BuiltinClassLoader'
  # this:     rdx:rdx   = 'jdk/internal/loader/BuiltinClassLoader'
  # parm0:    r8:r8     = 'java/lang/String'
  # parm1:    r9:r9     = 'jdk/internal/loader/Resource'
  #           [sp+0x110]  (sp of caller)
  0x000002a88c8f8140: 448b 5208 | 49bb 0000 | 0097 a802 | 0000 4d03 | d34c 3bd0 

  0x000002a88c8f8154: ;   {runtime_call ic_miss_stub}
  0x000002a88c8f8154: 0f85 2666 | b3ff 660f | 1f44 0000 
[Verified Entry Point]
  0x000002a88c8f8160: 8984 2400 | 80ff ff55 | 4881 ec00 | 0100 0090 | 4181 7f20 | 0700 0000 

  0x000002a88c8f8178: ;   {runtime_call StubRoutines (final stubs)}
  0x000002a88c8f8178: 7405 e8e1 | cbb1 ff48 | 8994 24a0 | 0000 004c | 8984 2490 | 0000 004c | 898c 2498 | 0000 0049 
  0x000002a88c8f8198: 8bd1 6666 | 9048 b860 | 6721 97a8 

  0x000002a88c8f81a4: ;   {virtual_call}
  0x000002a88c8f81a4: 0200 00e8 

  0x000002a88c8f81a8: ; ImmutableOopMap {[144]=Oop [152]=Oop [160]=Oop }
                      ;*invokevirtual getCodeSourceURL {reexecute=0 rethrow=0 return_oop=0}
                      ; - jdk.internal.loader.BuiltinClassLoader::defineClass@1 (line 842)
  0x000002a88c8f81a8: f44e 0000 

  0x000002a88c8f81ac: ;   {other}
  0x000002a88c8f81ac: 0f1f 8400 | 1c03 0000 | 4889 8424 | a800 0000 | 4c8b 8424 | 9000 0000 

  0x000002a88c8f81c4: ; implicit exception: dispatches to 0x000002a88c8f8712
  0x000002a88c8f81c4: 418b 7014 | 48c1 e603 

  0x000002a88c8f81cc: ; implicit exception: dispatches to 0x000002a88c8f8717
  0x000002a88c8f81cc: 8b56 0c45 | 0fbe 4810 | 498b c9c1 | e118 c1f9 | 18d3 fa48 | 8bfa ffcf | 4585 c9ba | 0000 0000 
  0x000002a88c8f81ec: 7505 ba01 | 0000 0083 | e201 85d2 | 488b d641 | b82e 0000 | 004c 8bcf | 0f84 1700 | 0000 0f1f 
  0x000002a88c8f820c: ;   {static_call}
  0x000002a88c8f820c: 4400 00e8 

  0x000002a88c8f8210: ; ImmutableOopMap {[144]=Oop [152]=Oop [160]=Oop [168]=Oop }
                      ;*invokestatic lastIndexOf {reexecute=0 rethrow=0 return_oop=0}
                      ; - java.lang.String::lastIndexOf@13 (line 2573)
                      ; - java.lang.String::lastIndexOf@8 (line 2535)
                      ; - jdk.internal.loader.BuiltinClassLoader::defineClass@8 (line 845)
  0x000002a88c8f8210: ac95 deff 

  0x000002a88c8f8214: ;   {other}
  0x000002a88c8f8214: 0f1f 8400 | 8403 0001 | e913 0000 | 0066 0f1f 

  0x000002a88c8f8224: ;   {static_call}
  0x000002a88c8f8224: 4400 00e8 

  0x000002a88c8f8228: ; ImmutableOopMap {[144]=Oop [152]=Oop [160]=Oop [168]=Oop }
                      ;*invokestatic lastIndexOf {reexecute=0 rethrow=0 return_oop=0}
                      ; - java.lang.String::lastIndexOf@25 (line 2574)
                      ; - java.lang.String::lastIndexOf@8 (line 2535)
                      ; - jdk.internal.loader.BuiltinClassLoader::defineClass@8 (line 845)
  0x000002a88c8f8228: 546e b3ff 

  0x000002a88c8f822c: ;   {other}
  0x000002a88c8f822c: 0f1f 8400 | 9c03 0002 | 83f8 ff0f | 847f 0000 | 0041 b800 | 0000 004c | 8bc8 488b | 9424 9000 
  0x000002a88c8f824c: ;   {optimized virtual_call}
  0x000002a88c8f824c: 0000 90e8 

  0x000002a88c8f8250: ; ImmutableOopMap {[144]=Oop [152]=Oop [160]=Oop [168]=Oop }
                      ;*invokevirtual substring {reexecute=0 rethrow=0 return_oop=0}
                      ; - jdk.internal.loader.BuiltinClassLoader::defineClass@23 (line 847)
  0x000002a88c8f8250: ac14 e0ff 

  0x000002a88c8f8254: ;   {other}
  0x000002a88c8f8254: 0f1f 8400 | c403 0003 | 488b 9424 | 9800 0000 | 4889 8424 | b000 0000 | 9048 b860 | 6721 97a8 
  0x000002a88c8f8274: ;   {virtual_call}
  0x000002a88c8f8274: 0200 00e8 

  0x000002a88c8f8278: ; ImmutableOopMap {[144]=Oop [152]=Oop [160]=Oop [168]=Oop [176]=Oop }
                      ;*invokevirtual getManifest {reexecute=0 rethrow=0 return_oop=0}
                      ; - jdk.internal.loader.BuiltinClassLoader::defineClass@29 (line 848)
  0x000002a88c8f8278: 2466 0000 

  0x000002a88c8f827c: ;   {other}
  0x000002a88c8f827c: 0f1f 8400 | ec03 0004 | 4c8b 8424 | b000 0000 | 4c8b c848 | 8bbc 24a8 | 0000 0048 | 8b94 24a0 
  0x000002a88c8f829c: 0000 0066 | 0f1f 4400 | 0048 b870 | a706 97a8 

  0x000002a88c8f82ac: ;   {virtual_call}
  0x000002a88c8f82ac: 0200 00e8 

  0x000002a88c8f82b0: ; ImmutableOopMap {[144]=Oop [152]=Oop [160]=Oop [168]=Oop }
                      ;*invokevirtual defineOrCheckPackage {reexecute=0 rethrow=0 return_oop=0}
                      ; - jdk.internal.loader.BuiltinClassLoader::defineClass@40 (line 849)
  0x000002a88c8f82b0: 0cf1 ffff 

  0x000002a88c8f82b4: ;   {other}
  0x000002a88c8f82b4: 0f1f 8400 | 2404 0005 | 4c8b 8c24 | 9800 0000 | 488d 9424 | e000 0000 | 4c89 4a08 | 498b 0148 
  0x000002a88c8f82d4: 83c8 0148 | 8902 f049 | 0fb1 110f | 8412 0000 | 0048 2bc4 | 4825 07f0 | ffff 4889 | 020f 8525 
  0x000002a88c8f82f4: 0400 0049 | ff87 5005 | 0000 418b | 510c 48c1 | e203 4885 | d20f 8551 | 0000 0049 | 8bd1 6666 
  0x000002a88c8f8314: 9048 b860 | 6721 97a8 

  0x000002a88c8f831c: ;   {virtual_call}
  0x000002a88c8f831c: 0200 00e8 

  0x000002a88c8f8320: ; ImmutableOopMap {[144]=Oop [152]=Oop [160]=Oop [168]=Oop [232]=Oop }
                      ;*invokevirtual getInputStream {reexecute=0 rethrow=0 return_oop=0}
                      ; - jdk.internal.loader.Resource::cachedInputStream@9 (line 77)
                      ; - jdk.internal.loader.Resource::getByteBuffer@1 (line 163)
                      ; - jdk.internal.loader.BuiltinClassLoader::defineClass@45 (line 853)
  0x000002a88c8f8320: 1c6e 0000 

  0x000002a88c8f8324: ;   {other}
  0x000002a88c8f8324: 0f1f 8400 | 9404 0006 | 410f be57 | 4085 d24c | 8b8c 2498 | 0000 000f | 85ee 0300 | 004c 8bd0 
  0x000002a88c8f8344: 49c1 ea03 | 4589 510c | 498b d148 | 33d0 48c1 | ea15 4883 | fa00 0f85 | ef03 0000 | 418b 510c 
  0x000002a88c8f8364: 48c1 e203 | 488d 8424 | e000 0000 | 488b 3048 | 85f6 0f84 | 0f00 0000 | 488b 7808 | f048 0fb1 
  0x000002a88c8f8384: 370f 85dc | 0300 0049 | ff8f 5005 | 0000 4885 | d20f 8443 

  0x000002a88c8f8398: ;   {metadata('sun/nio/ByteBuffered')}
  0x000002a88c8f8398: 0000 0048 | b8e8 e436 | 97a8 0200 | 008b 5a08 | 49ba 0000 | 0097 a802 | 0000 4903 | da48 3b43 
  0x000002a88c8f83b8: 200f 8424 | 0000 0048 | 3bd8 0f84 | 1b00 0000 

  0x000002a88c8f83c8: ;   {runtime_call slow_subtype_check Runtime1 stub}
  0x000002a88c8f83c8: 5350 e831 | fbbe ff5b | 5b85 db0f | 8405 0000 | 00e9 0500 | 0000 4833 | f6eb 0a48 | be01 0000 
  0x000002a88c8f83e8: 0000 0000 | 0085 f60f | 846c 0000 | 0048 85d2 | 0f84 4300 

  0x000002a88c8f83fc: ;   {metadata('sun/nio/ByteBuffered')}
  0x000002a88c8f83fc: 0000 48bb | e8e4 3697 | a802 0000 | 8b7a 0849 | ba00 0000 | 97a8 0200 | 0049 03fa | 483b 5f20 
  0x000002a88c8f841c: 0f84 1f00 | 0000 483b | fb0f 8416 | 0000 0057 

  0x000002a88c8f842c: ;   {runtime_call slow_subtype_check Runtime1 stub}
  0x000002a88c8f842c: 53e8 cefa | beff 5f5f | 85ff 0f84 | 4103 0000 | e900 0000 | 000f 1f40 | 0048 b8ff | ffff ffff 
  0x000002a88c8f844c: ;   {virtual_call}
  0x000002a88c8f844c: ffff ffe8 

  0x000002a88c8f8450: ; ImmutableOopMap {[144]=Oop [152]=Oop [160]=Oop [168]=Oop }
                      ;*invokeinterface getByteBuffer {reexecute=0 rethrow=0 return_oop=0}
                      ; - jdk.internal.loader.Resource::getByteBuffer@16 (line 165)
                      ; - jdk.internal.loader.BuiltinClassLoader::defineClass@45 (line 853)
  0x000002a88c8f8450: 2c69 b3ff 

  0x000002a88c8f8454: ;   {other}
  0x000002a88c8f8454: 0f1f 8400 | c405 0007 | e90a 0000 

  0x000002a88c8f8460: ;   {oop(nullptr)}
  0x000002a88c8f8460: 0048 b800 | 0000 0000 | 0000 0048 | 85c0 0f84 | 0601 0000 | 4889 8424 | b800 0000 | 488b 9424 
  0x000002a88c8f8480: 9800 0000 | 9048 b8ff | ffff ffff 

  0x000002a88c8f848c: ;   {virtual_call}
  0x000002a88c8f848c: ffff ffe8 

  0x000002a88c8f8490: ; ImmutableOopMap {[144]=Oop [160]=Oop [168]=Oop [184]=Oop }
                      ;*invokevirtual getCodeSigners {reexecute=0 rethrow=0 return_oop=0}
                      ; - jdk.internal.loader.BuiltinClassLoader::defineClass@56 (line 855)
  0x000002a88c8f8490: ec68 b3ff 

  0x000002a88c8f8494: ;   {other}
  0x000002a88c8f8494: 0f1f 8400 | 0406 0008 

  0x000002a88c8f849c: ;   {metadata('java/security/CodeSource')}
  0x000002a88c8f849c: 4c8b c848 | ba70 5d00 | 97a8 0200 | 0049 8b87 | b801 0000 | 488d 7828 | 493b bfc8 | 0100 000f 
  0x000002a88c8f84bc: 87c5 0200 | 0049 89bf | b801 0000 | 48c7 0001 | 0000 0048 | 8bca 49ba | 0000 0097 | a802 0000 
  0x000002a88c8f84dc: 492b ca89 | 4808 4833 | c989 480c | 4833 c948 | 8948 1048 | 8948 1848 | 8948 204c | 8b84 24a8 
  0x000002a88c8f84fc: 0000 0048 | 8bd0 4889 | 8424 c000 | 0000 0f1f 

  0x000002a88c8f850c: ;   {optimized virtual_call}
  0x000002a88c8f850c: 4400 00e8 

  0x000002a88c8f8510: ; ImmutableOopMap {[144]=Oop [160]=Oop [184]=Oop [192]=Oop }
                      ;*invokespecial <init> {reexecute=0 rethrow=0 return_oop=0}
                      ; - jdk.internal.loader.BuiltinClassLoader::defineClass@68 (line 856)
  0x000002a88c8f8510: 6c65 b3ff 

  0x000002a88c8f8514: ;   {other}
  0x000002a88c8f8514: 0f1f 8400 | 8406 0009 | 4c8b 8424 | c000 0000 | 488b 9424 | a000 0000 

  0x000002a88c8f852c: ;   {optimized virtual_call}
  0x000002a88c8f852c: 6666 90e8 

  0x000002a88c8f8530: ; ImmutableOopMap {[144]=Oop [160]=Oop [184]=Oop }
                      ;*invokevirtual getProtectionDomain {reexecute=0 rethrow=0 return_oop=0}
                      ; - java.security.SecureClassLoader::defineClass@5 (line 182)
                      ; - jdk.internal.loader.BuiltinClassLoader::defineClass@79 (line 857)
  0x000002a88c8f8530: 4c65 b3ff 

  0x000002a88c8f8534: ;   {other}
  0x000002a88c8f8534: 0f1f 8400 | a406 000a | 4c8b 8424 | 9000 0000 | 4c8b 8c24 | b800 0000 | 488b f848 | 8b94 24a0 
  0x000002a88c8f8554: ;   {optimized virtual_call}
  0x000002a88c8f8554: 0000 00e8 

  0x000002a88c8f8558: ; ImmutableOopMap {}
                      ;*invokevirtual defineClass {reexecute=0 rethrow=0 return_oop=0}
                      ; - java.security.SecureClassLoader::defineClass@8 (line 182)
                      ; - jdk.internal.loader.BuiltinClassLoader::defineClass@79 (line 857)
  0x000002a88c8f8558: 2465 b3ff 

  0x000002a88c8f855c: ;   {other}
  0x000002a88c8f855c: 0f1f 8400 | cc06 000b | 4881 c400 | 0100 005d 

  0x000002a88c8f856c: ;   {poll_return}
  0x000002a88c8f856c: 493b a750 | 0400 000f | 871a 0200 | 00c3 4c8b | 8c24 9800 | 0000 498b | d148 b860 | 6721 97a8 
  0x000002a88c8f858c: ;   {virtual_call}
  0x000002a88c8f858c: 0200 00e8 

  0x000002a88c8f8590: ; ImmutableOopMap {[144]=Oop [152]=Oop [160]=Oop [168]=Oop }
                      ;*invokevirtual getBytes {reexecute=0 rethrow=0 return_oop=0}
                      ; - jdk.internal.loader.BuiltinClassLoader::defineClass@84 (line 859)
  0x000002a88c8f8590: 4c6f 0000 

  0x000002a88c8f8594: ;   {other}
  0x000002a88c8f8594: 0f1f 8400 | 0407 000c | 4889 8424 | c800 0000 | 488b 9424 | 9800 0000 | 9048 b860 | 6721 97a8 
  0x000002a88c8f85b4: ;   {virtual_call}
  0x000002a88c8f85b4: 0200 00e8 

  0x000002a88c8f85b8: ; ImmutableOopMap {[144]=Oop [160]=Oop [168]=Oop [200]=Oop }
                      ;*invokevirtual getCodeSigners {reexecute=0 rethrow=0 return_oop=0}
                      ; - jdk.internal.loader.BuiltinClassLoader::defineClass@90 (line 860)
  0x000002a88c8f85b8: 0480 0000 

  0x000002a88c8f85bc: ;   {other}
  0x000002a88c8f85bc: 0f1f 8400 | 2c07 000d 

  0x000002a88c8f85c4: ;   {metadata('java/security/CodeSource')}
  0x000002a88c8f85c4: 4c8b c848 | ba70 5d00 | 97a8 0200 | 0049 8b87 | b801 0000 | 488d 7828 | 493b bfc8 | 0100 000f 
  0x000002a88c8f85e4: 87c0 0100 | 0049 89bf | b801 0000 | 48c7 0001 | 0000 0048 | 8bca 49ba | 0000 0097 | a802 0000 
  0x000002a88c8f8604: 492b ca89 | 4808 4833 | c989 480c | 4833 c948 | 8948 1048 | 8948 1848 | 8948 204c | 8b84 24a8 
  0x000002a88c8f8624: 0000 0048 | 8bd0 4889 | 8424 d000 | 0000 0f1f 

  0x000002a88c8f8634: ;   {optimized virtual_call}
  0x000002a88c8f8634: 4400 00e8 

  0x000002a88c8f8638: ; ImmutableOopMap {[144]=Oop [160]=Oop [200]=Oop [208]=Oop }
                      ;*invokespecial <init> {reexecute=0 rethrow=0 return_oop=0}
                      ; - jdk.internal.loader.BuiltinClassLoader::defineClass@102 (line 861)
  0x000002a88c8f8638: 44d1 ffff 

  0x000002a88c8f863c: ;   {other}
  0x000002a88c8f863c: 0f1f 8400 | ac07 000e | 488b 8424 | c800 0000 

  0x000002a88c8f864c: ; implicit exception: dispatches to 0x000002a88c8f87b6
  0x000002a88c8f864c: 8b70 0c4c | 8b84 24d0 | 0000 0048 | 8b94 24a0 | 0000 0089 | b424 d800 

  0x000002a88c8f8664: ;   {optimized virtual_call}
  0x000002a88c8f8664: 0000 90e8 

  0x000002a88c8f8668: ; ImmutableOopMap {[144]=Oop [160]=Oop [200]=Oop }
                      ;*invokevirtual getProtectionDomain {reexecute=0 rethrow=0 return_oop=0}
                      ; - java.security.SecureClassLoader::defineClass@9 (line 150)
                      ; - jdk.internal.loader.BuiltinClassLoader::defineClass@117 (line 862)
  0x000002a88c8f8668: 949e ffff 

  0x000002a88c8f866c: ;   {other}
  0x000002a88c8f866c: 0f1f 8400 | dc07 000f | 4c8b 8424 | 9000 0000 | 4c8b 8c24 | c800 0000 | bf00 0000 | 008b b424 
  0x000002a88c8f868c: d800 0000 | 488b c848 | 8b94 24a0 | 0000 000f 

  0x000002a88c8f869c: ;   {optimized virtual_call}
  0x000002a88c8f869c: 1f40 00e8 

  0x000002a88c8f86a0: ; ImmutableOopMap {}
                      ;*invokevirtual defineClass {reexecute=0 rethrow=0 return_oop=0}
                      ; - java.security.SecureClassLoader::defineClass@12 (line 150)
                      ; - jdk.internal.loader.BuiltinClassLoader::defineClass@117 (line 862)
  0x000002a88c8f86a0: 5ce7 ffff 

  0x000002a88c8f86a4: ;   {other}
  0x000002a88c8f86a4: 0f1f 8400 | 1408 0010 | 4881 c400 | 0100 005d 

  0x000002a88c8f86b4: ;   {poll_return}
  0x000002a88c8f86b4: 493b a750 | 0400 000f | 87fa 0000 | 00c3 498b | 8700 0500 | 004d 33d2 | 4d89 9700 | 0500 004d 
  0x000002a88c8f86d4: 33d2 4d89 | 9708 0500 | 0048 8bf0 | 488d 8424 | e000 0000 | 488b 3848 | 85ff 0f84 | 0f00 0000 
  0x000002a88c8f86f4: 488b 5808 | f048 0fb1 | 3b0f 85ce | 0000 0049 | ff8f 5005 | 0000 488b | c6e9 f200 

  0x000002a88c8f8710: ;   {runtime_call throw_null_pointer_exception Runtime1 stub}
  0x000002a88c8f8710: 0000 e8e9 

  0x000002a88c8f8714: ; ImmutableOopMap {rax=Oop r8=Oop [144]=Oop [152]=Oop [160]=Oop [168]=Oop }
                      ;*invokevirtual lastIndexOf {reexecute=0 rethrow=0 return_oop=0}
                      ; - jdk.internal.loader.BuiltinClassLoader::defineClass@8 (line 845)
                      ;   {runtime_call throw_null_pointer_exception Runtime1 stub}
  0x000002a88c8f8714: cdbe ffe8 

  0x000002a88c8f8718: ; ImmutableOopMap {rax=Oop r8=Oop rsi=Oop [144]=Oop [152]=Oop [160]=Oop [168]=Oop }
                      ;*arraylength {reexecute=0 rethrow=0 return_oop=0}
                      ; - java.lang.String::length@4 (line 1519)
                      ; - java.lang.String::lastIndexOf@3 (line 2535)
                      ; - jdk.internal.loader.BuiltinClassLoader::defineClass@8 (line 845)
  0x000002a88c8f8718: e4cd beff | 4c89 4c24 | 0848 8914 

  0x000002a88c8f8724: ;   {runtime_call monitorenter_nofpu Runtime1 stub}
  0x000002a88c8f8724: 24e8 d6fd 

  0x000002a88c8f8728: ; ImmutableOopMap {r9=Oop [144]=Oop [152]=Oop [160]=Oop [168]=Oop [232]=Oop }
                      ;*synchronization entry
                      ; - jdk.internal.loader.Resource::cachedInputStream@-1 (line 76)
                      ; - jdk.internal.loader.Resource::getByteBuffer@1 (line 163)
                      ; - jdk.internal.loader.BuiltinClassLoader::defineClass@45 (line 853)
  0x000002a88c8f8728: beff e9cf | fbff ff41 | 8b51 0c48 | c1e2 0348 | 83fa 000f | 8400 fcff | ff48 8914 

  0x000002a88c8f8744: ;   {runtime_call g1_pre_barrier_slow}
  0x000002a88c8f8744: 24e8 b624 | bfff e9f2 | fbff ff48 | 83f8 000f | 8407 fcff | ff4c 890c 

  0x000002a88c8f875c: ;   {runtime_call g1_post_barrier_slow}
  0x000002a88c8f875c: 24e8 9e27 | bfff e9f9 | fbff ff48 | 8d84 24e0 | 0000 0048 

  0x000002a88c8f8770: ;   {runtime_call monitorexit_nofpu Runtime1 stub}
  0x000002a88c8f8770: 8904 24e8 | 8803 bfff | e915 fcff | ff48 8914 

  0x000002a88c8f8780: ;   {runtime_call throw_class_cast_exception Runtime1 stub}
  0x000002a88c8f8780: 24e8 7af1 

  0x000002a88c8f8784: ; ImmutableOopMap {[144]=Oop [152]=Oop [160]=Oop [168]=Oop }
                      ;*checkcast {reexecute=0 rethrow=0 return_oop=0}
                      ; - jdk.internal.loader.Resource::getByteBuffer@13 (line 165)
                      ; - jdk.internal.loader.BuiltinClassLoader::defineClass@45 (line 853)
  0x000002a88c8f8784: beff 488b 

  0x000002a88c8f8788: ;   {runtime_call fast_new_instance Runtime1 stub}
  0x000002a88c8f8788: d2e8 72d6 

  0x000002a88c8f878c: ; ImmutableOopMap {r9=Oop [144]=Oop [160]=Oop [168]=Oop [184]=Oop }
                      ;*new {reexecute=0 rethrow=0 return_oop=0}
                      ; - jdk.internal.loader.BuiltinClassLoader::defineClass@61 (line 856)
  0x000002a88c8f878c: beff e964 

  0x000002a88c8f8790: ;   {internal_word}
  0x000002a88c8f8790: fdff ff49 | ba6c 858f | 8ca8 0200 | 004d 8997 | 6804 0000 

  0x000002a88c8f87a4: ;   {runtime_call SafepointBlob}
  0x000002a88c8f87a4: e957 cfb3 | ff48 8bd2 

  0x000002a88c8f87ac: ;   {runtime_call fast_new_instance Runtime1 stub}
  0x000002a88c8f87ac: e84f d6be 

  0x000002a88c8f87b0: ; ImmutableOopMap {r9=Oop [144]=Oop [160]=Oop [168]=Oop [200]=Oop }
                      ;*new {reexecute=0 rethrow=0 return_oop=0}
                      ; - jdk.internal.loader.BuiltinClassLoader::defineClass@95 (line 861)
  0x000002a88c8f87b0: ffe9 69fe 

  0x000002a88c8f87b4: ;   {runtime_call throw_null_pointer_exception Runtime1 stub}
  0x000002a88c8f87b4: ffff e845 

  0x000002a88c8f87b8: ; ImmutableOopMap {rax=Oop [144]=Oop [160]=Oop [200]=Oop [208]=Oop }
                      ;*arraylength {reexecute=0 rethrow=0 return_oop=0}
                      ; - jdk.internal.loader.BuiltinClassLoader::defineClass@114 (line 862)
                      ;   {internal_word}
  0x000002a88c8f87b8: cdbe ff49 | bab4 868f | 8ca8 0200 | 004d 8997 | 6804 0000 

  0x000002a88c8f87cc: ;   {runtime_call SafepointBlob}
  0x000002a88c8f87cc: e92f cfb3 | ff48 8d84 | 24e0 0000 | 0048 8904 

  0x000002a88c8f87dc: ;   {runtime_call monitorexit_nofpu Runtime1 stub}
  0x000002a88c8f87dc: 24e8 1e03 | bfff e923 | ffff ff49 | 8b87 0005 | 0000 49c7 | 8700 0500 | 0000 0000 | 0049 c787 
  0x000002a88c8f87fc: 0805 0000 | 0000 0000 | 4881 c400 | 0100 005d 

  0x000002a88c8f880c: ;   {runtime_call unwind_exception Runtime1 stub}
  0x000002a88c8f880c: e9ef bdbe | fff4 f4f4 | f4f4 f4f4 
[Stub Code]
  0x000002a88c8f8818: ;   {no_reloc}
  0x000002a88c8f8818: 0f1f 4400 

  0x000002a88c8f881c: ;   {static_stub}
  0x000002a88c8f881c: 0048 bb00 | 0000 0000 

  0x000002a88c8f8824: ;   {runtime_call}
  0x000002a88c8f8824: 0000 00e9 | fbff ffff 

  0x000002a88c8f882c: ;   {static_stub}
  0x000002a88c8f882c: 9048 bb00 | 0000 0000 

  0x000002a88c8f8834: ;   {runtime_call}
  0x000002a88c8f8834: 0000 00e9 | fbff ffff 

  0x000002a88c8f883c: ;   {static_stub}
  0x000002a88c8f883c: 9048 bb00 | 0000 0000 

  0x000002a88c8f8844: ;   {runtime_call}
  0x000002a88c8f8844: 0000 00e9 | fbff ffff 

  0x000002a88c8f884c: ;   {static_stub}
  0x000002a88c8f884c: 9048 bb00 | 0000 0000 

  0x000002a88c8f8854: ;   {runtime_call}
  0x000002a88c8f8854: 0000 00e9 | fbff ffff 

  0x000002a88c8f885c: ;   {static_stub}
  0x000002a88c8f885c: 9048 bb00 | 0000 0000 

  0x000002a88c8f8864: ;   {runtime_call}
  0x000002a88c8f8864: 0000 00e9 | fbff ffff 

  0x000002a88c8f886c: ;   {static_stub}
  0x000002a88c8f886c: 9048 bb00 | 0000 0000 

  0x000002a88c8f8874: ;   {runtime_call}
  0x000002a88c8f8874: 0000 00e9 | fbff ffff 

  0x000002a88c8f887c: ;   {static_stub}
  0x000002a88c8f887c: 9048 bb00 | 0000 0000 

  0x000002a88c8f8884: ;   {runtime_call}
  0x000002a88c8f8884: 0000 00e9 | fbff ffff 

  0x000002a88c8f888c: ;   {static_stub}
  0x000002a88c8f888c: 9048 bb00 | 0000 0000 

  0x000002a88c8f8894: ;   {runtime_call}
  0x000002a88c8f8894: 0000 00e9 | fbff ffff 

  0x000002a88c8f889c: ;   {static_stub}
  0x000002a88c8f889c: 48bb 0000 | 0000 0000 

  0x000002a88c8f88a4: ;   {runtime_call}
  0x000002a88c8f88a4: 0000 e9fb 

  0x000002a88c8f88a8: ;   {static_stub}
  0x000002a88c8f88a8: ffff ff48 | bb00 0000 | 0000 0000 

  0x000002a88c8f88b4: ;   {runtime_call}
  0x000002a88c8f88b4: 00e9 fbff 

  0x000002a88c8f88b8: ;   {static_stub}
  0x000002a88c8f88b8: ffff 48bb | 0000 0000 | 0000 0000 

  0x000002a88c8f88c4: ;   {runtime_call}
  0x000002a88c8f88c4: e9fb ffff 

  0x000002a88c8f88c8: ;   {static_stub}
  0x000002a88c8f88c8: ff48 bb00 | 0000 0000 

  0x000002a88c8f88d0: ;   {runtime_call}
  0x000002a88c8f88d0: 0000 00e9 | fbff ffff 

  0x000002a88c8f88d8: ;   {static_stub}
  0x000002a88c8f88d8: 48bb 0000 | 0000 0000 

  0x000002a88c8f88e0: ;   {runtime_call}
  0x000002a88c8f88e0: 0000 e9fb 

  0x000002a88c8f88e4: ;   {static_stub}
  0x000002a88c8f88e4: ffff ff48 | bb00 0000 | 0000 0000 

  0x000002a88c8f88f0: ;   {runtime_call}
  0x000002a88c8f88f0: 00e9 fbff 

  0x000002a88c8f88f4: ;   {static_stub}
  0x000002a88c8f88f4: ffff 48bb | 0000 0000 | 0000 0000 

  0x000002a88c8f8900: ;   {runtime_call}
  0x000002a88c8f8900: e9fb ffff 

  0x000002a88c8f8904: ;   {runtime_call handle_exception_from_callee Runtime1 stub}
  0x000002a88c8f8904: ffe8 f6e9 

  0x000002a88c8f8908: ;   {external_word}
  0x000002a88c8f8908: beff 48b9 | 0048 1841 | f97f 0000 | 4883 e4f0 

  0x000002a88c8f8918: ;   {runtime_call}
  0x000002a88c8f8918: 48b8 4024 | e040 f97f | 0000 ffd0 

  0x000002a88c8f8924: ;   {section_word}
  0x000002a88c8f8924: f449 ba25 | 898f 8ca8 | 0200 0041 

  0x000002a88c8f8930: ;   {runtime_call DeoptimizationBlob}
  0x000002a88c8f8930: 52e9 6ac0 | b3ff f4f4 
[/MachCode]


---------------  P R O C E S S  ---------------

Threads class SMR info:
_java_thread_list=0x000002a8dcad0dc0, length=35, elements={
0x000002a896f56b60, 0x000002a896f57c30, 0x000002a896f58d00, 0x000002a896f5c8e0,
0x000002a896f5d340, 0x000002a896f5edb0, 0x000002a896f5f810, 0x000002a896f20000,
0x000002a8dc5f18e0, 0x000002a8dc5f1f50, 0x000002a8dc837160, 0x000002a8dc83ea50,
0x000002a8dc86b030, 0x000002a8dc8b71d0, 0x000002a8dc9db730, 0x000002a8dd30d680,
0x000002a8dd30a890, 0x000002a8dd30b5b0, 0x000002a8dd30bc40, 0x000002a8dd30af20,
0x000002a8df85c520, 0x000002a8df85be90, 0x000002a8df85a450, 0x000002a8df859dc0,
0x000002a8df85aae0, 0x000002a8df8590a0, 0x000002a8df85b170, 0x000002a8df85b800,
0x000002a8df859730, 0x000002a8df9d9610, 0x000002a8df9d9ca0, 0x000002a8df9da330,
0x000002a8df9deb60, 0x000002a8df9df1f0, 0x000002a8df9de4d0
}

Java Threads: ( => current thread )
  0x000002a896f56b60 JavaThread "Reference Handler"          daemon [_thread_blocked, id=2220, stack(0x000000c65ac00000,0x000000c65ad00000) (1024K)]
  0x000002a896f57c30 JavaThread "Finalizer"                  daemon [_thread_blocked, id=12532, stack(0x000000c65ad00000,0x000000c65ae00000) (1024K)]
  0x000002a896f58d00 JavaThread "Signal Dispatcher"          daemon [_thread_blocked, id=17532, stack(0x000000c65ae00000,0x000000c65af00000) (1024K)]
  0x000002a896f5c8e0 JavaThread "Attach Listener"            daemon [_thread_blocked, id=3400, stack(0x000000c65af00000,0x000000c65b000000) (1024K)]
  0x000002a896f5d340 JavaThread "Service Thread"             daemon [_thread_blocked, id=2304, stack(0x000000c65b000000,0x000000c65b100000) (1024K)]
  0x000002a896f5edb0 JavaThread "Monitor Deflation Thread"   daemon [_thread_blocked, id=14676, stack(0x000000c65b100000,0x000000c65b200000) (1024K)]
  0x000002a896f5f810 JavaThread "C1 CompilerThread0"         daemon [_thread_blocked, id=7060, stack(0x000000c65b200000,0x000000c65b300000) (1024K)]
  0x000002a896f20000 JavaThread "Common-Cleaner"             daemon [_thread_blocked, id=1456, stack(0x000000c65b300000,0x000000c65b400000) (1024K)]
  0x000002a8dc5f18e0 JavaThread "Monitor Ctrl-Break"         daemon [_thread_in_native, id=18104, stack(0x000000c65b800000,0x000000c65b900000) (1024K)]
  0x000002a8dc5f1f50 JavaThread "Notification Thread"        daemon [_thread_blocked, id=15608, stack(0x000000c65b900000,0x000000c65ba00000) (1024K)]
  0x000002a8dc837160 JavaThread "RMI TCP Accept-0"           daemon [_thread_in_native, id=4052, stack(0x000000c65b700000,0x000000c65b800000) (1024K)]
  0x000002a8dc83ea50 JavaThread "RMI TCP Connection(idle)"   daemon [_thread_blocked, id=11684, stack(0x000000c65ba00000,0x000000c65bb00000) (1024K)]
  0x000002a8dc86b030 JavaThread "RMI Scheduler(0)"           daemon [_thread_blocked, id=14856, stack(0x000000c65bb00000,0x000000c65bc00000) (1024K)]
  0x000002a8dc8b71d0 JavaThread "JMX server connection timeout 26" daemon [_thread_blocked, id=7284, stack(0x000000c65bc00000,0x000000c65bd00000) (1024K)]
  0x000002a8dc9db730 JavaThread "RMI TCP Connection(2)-10.22.184.77" daemon [_thread_in_native, id=10380, stack(0x000000c65c400000,0x000000c65c500000) (1024K)]
  0x000002a8dd30d680 JavaThread "Catalina-utility-1"                [_thread_blocked, id=9824, stack(0x000000c65c800000,0x000000c65c900000) (1024K)]
  0x000002a8dd30a890 JavaThread "Catalina-utility-2"                [_thread_blocked, id=17764, stack(0x000000c65c900000,0x000000c65ca00000) (1024K)]
  0x000002a8dd30b5b0 JavaThread "container-0"                       [_thread_blocked, id=14612, stack(0x000000c65ca00000,0x000000c65cb00000) (1024K)]
  0x000002a8dd30bc40 JavaThread "mysql-cj-abandoned-connection-cleanup" daemon [_thread_blocked, id=3952, stack(0x000000c65cb00000,0x000000c65cc00000) (1024K)]
  0x000002a8dd30af20 JavaThread "HikariPool-1 housekeeper"   daemon [_thread_blocked, id=15772, stack(0x000000c65cd00000,0x000000c65ce00000) (1024K)]
  0x000002a8df85c520 JavaThread "File Watcher"               daemon [_thread_blocked, id=10804, stack(0x000000c65cf00000,0x000000c65d000000) (1024K)]
  0x000002a8df85be90 JavaThread "Live Reload Server"         daemon [_thread_in_native, id=1016, stack(0x000000c65d100000,0x000000c65d200000) (1024K)]
=>0x000002a8df85a450 JavaThread "http-nio-8080-exec-1"       daemon [_thread_in_vm, id=3832, stack(0x000000c65d000000,0x000000c65d100000) (1024K)]
  0x000002a8df859dc0 JavaThread "http-nio-8080-exec-2"       daemon [_thread_blocked, id=10796, stack(0x000000c65d200000,0x000000c65d300000) (1024K)]
  0x000002a8df85aae0 JavaThread "http-nio-8080-exec-3"       daemon [_thread_blocked, id=11244, stack(0x000000c65d300000,0x000000c65d400000) (1024K)]
  0x000002a8df8590a0 JavaThread "http-nio-8080-exec-4"       daemon [_thread_blocked, id=15664, stack(0x000000c65d400000,0x000000c65d500000) (1024K)]
  0x000002a8df85b170 JavaThread "http-nio-8080-exec-5"       daemon [_thread_blocked, id=8092, stack(0x000000c65d500000,0x000000c65d600000) (1024K)]
  0x000002a8df85b800 JavaThread "http-nio-8080-exec-6"       daemon [_thread_blocked, id=12048, stack(0x000000c65d600000,0x000000c65d700000) (1024K)]
  0x000002a8df859730 JavaThread "http-nio-8080-exec-7"       daemon [_thread_blocked, id=14820, stack(0x000000c65d700000,0x000000c65d800000) (1024K)]
  0x000002a8df9d9610 JavaThread "http-nio-8080-exec-8"       daemon [_thread_blocked, id=856, stack(0x000000c65d800000,0x000000c65d900000) (1024K)]
  0x000002a8df9d9ca0 JavaThread "http-nio-8080-exec-9"       daemon [_thread_blocked, id=16504, stack(0x000000c65d900000,0x000000c65da00000) (1024K)]
  0x000002a8df9da330 JavaThread "http-nio-8080-exec-10"      daemon [_thread_blocked, id=16376, stack(0x000000c65da00000,0x000000c65db00000) (1024K)]
  0x000002a8df9deb60 JavaThread "http-nio-8080-Poller"       daemon [_thread_in_native, id=11572, stack(0x000000c65db00000,0x000000c65dc00000) (1024K)]
  0x000002a8df9df1f0 JavaThread "http-nio-8080-Acceptor"     daemon [_thread_in_native, id=14148, stack(0x000000c65dc00000,0x000000c65dd00000) (1024K)]
  0x000002a8df9de4d0 JavaThread "DestroyJavaVM"                     [_thread_blocked, id=16240, stack(0x000000c65a400000,0x000000c65a500000) (1024K)]
Total: 35

Other Threads:
  0x000002a896f35570 VMThread "VM Thread"                           [id=13448, stack(0x000000c65ab00000,0x000000c65ac00000) (1024K)]
  0x000002a896f1d260 WatcherThread "VM Periodic Task Thread"        [id=18400, stack(0x000000c65aa00000,0x000000c65ab00000) (1024K)]
  0x000002a883ff1080 WorkerThread "GC Thread#0"                     [id=5316, stack(0x000000c65a500000,0x000000c65a600000) (1024K)]
  0x000002a8dc9053c0 WorkerThread "GC Thread#1"                     [id=9484, stack(0x000000c65bd00000,0x000000c65be00000) (1024K)]
  0x000002a8dc90f580 WorkerThread "GC Thread#2"                     [id=5620, stack(0x000000c65be00000,0x000000c65bf00000) (1024K)]
  0x000002a8dc90f920 WorkerThread "GC Thread#3"                     [id=15464, stack(0x000000c65bf00000,0x000000c65c000000) (1024K)]
  0x000002a8dc90fcc0 WorkerThread "GC Thread#4"                     [id=17368, stack(0x000000c65c000000,0x000000c65c100000) (1024K)]
  0x000002a8dc910060 WorkerThread "GC Thread#5"                     [id=16976, stack(0x000000c65c100000,0x000000c65c200000) (1024K)]
  0x000002a8dc93c650 WorkerThread "GC Thread#6"                     [id=3512, stack(0x000000c65c200000,0x000000c65c300000) (1024K)]
  0x000002a8dc93c9f0 WorkerThread "GC Thread#7"                     [id=17244, stack(0x000000c65c300000,0x000000c65c400000) (1024K)]
  0x000002a881e8bf70 ConcurrentGCThread "G1 Main Marker"            [id=1824, stack(0x000000c65a600000,0x000000c65a700000) (1024K)]
  0x000002a881e8cb30 WorkerThread "G1 Conc#0"                       [id=8716, stack(0x000000c65a700000,0x000000c65a800000) (1024K)]
  0x000002a8dd4794f0 WorkerThread "G1 Conc#1"                       [id=13812, stack(0x000000c65c700000,0x000000c65c800000) (1024K)]
  0x000002a896de2570 ConcurrentGCThread "G1 Refine#0"               [id=8436, stack(0x000000c65a800000,0x000000c65a900000) (1024K)]
  0x000002a896de2ef0 ConcurrentGCThread "G1 Service"                [id=12140, stack(0x000000c65a900000,0x000000c65aa00000) (1024K)]
Total: 15

Threads with active compile tasks:
Total: 0

VM state: not at safepoint (normal execution)

VM Mutex/Monitor currently owned by a thread:  ([mutex/lock_event])
[0x00007ff94141ace8] Metaspace_lock - owner thread: 0x000002a8df85a450

Heap address: 0x0000000701e00000, size: 4066 MB, Compressed Oops mode: Zero based, Oop shift amount: 3

CDS archive(s) mapped at: [0x000002a897000000-0x000002a897c90000-0x000002a897c90000), size 13172736, SharedBaseAddress: 0x000002a897000000, ArchiveRelocationMode: 1.
Compressed class space mapped at: 0x000002a898000000-0x000002a8d8000000, reserved size: 1073741824
Narrow klass base: 0x000002a897000000, Narrow klass shift: 0, Narrow klass range: 0x100000000

GC Precious Log:
 CardTable entry size: 512
 Card Set container configuration: InlinePtr #cards 4 size 8 Array Of Cards #cards 16 size 48 Howl #buckets 8 coarsen threshold 3686 Howl Bitmap #cards 512 size 80 coarsen threshold 460 Card regions per heap region 1 cards per card region 4096
 CPUs: 8 total, 8 available
 Memory: 16263M
 Large Page Support: Disabled
 NUMA Support: Disabled
 Compressed Oops: Enabled (Zero based)
 Heap Region Size: 2M
 Heap Min Capacity: 8M
 Heap Initial Capacity: 256M
 Heap Max Capacity: 4066M
 Pre-touch: Disabled
 Parallel Workers: 8
 Concurrent Workers: 2
 Concurrent Refinement Workers: 8
 Periodic GC: Disabled

Heap:
 garbage-first heap   total 110592K, used 58930K [0x0000000701e00000, 0x0000000800000000)
  region size 2048K, 21 young (43008K), 4 survivors (8192K)
 Metaspace       used 65398K, committed 66112K, reserved 1114112K
  class space    used 9291K, committed 9600K, reserved 1048576K

Heap Regions: E=young(eden), S=young(survivor), O=old, HS=humongous(starts), HC=humongous(continues), CS=collection set, F=free, TAMS=top-at-mark-start, PB=parsable bottom
|   0|0x0000000701e00000, 0x0000000702000000, 0x0000000702000000|100%| O|  |TAMS 0x0000000701e00000| PB 0x0000000701e00000| Untracked 
|   1|0x0000000702000000, 0x0000000702200000, 0x0000000702200000|100%| O|  |TAMS 0x0000000702000000| PB 0x0000000702000000| Untracked 
|   2|0x0000000702200000, 0x0000000702400000, 0x0000000702400000|100%| O|  |TAMS 0x0000000702200000| PB 0x0000000702200000| Untracked 
|   3|0x0000000702400000, 0x0000000702600000, 0x0000000702600000|100%| O|  |TAMS 0x0000000702400000| PB 0x0000000702400000| Untracked 
|   4|0x0000000702600000, 0x0000000702800000, 0x0000000702800000|100%| O|  |TAMS 0x0000000702600000| PB 0x0000000702600000| Untracked 
|   5|0x0000000702800000, 0x0000000702a00000, 0x0000000702a00000|100%| O|  |TAMS 0x0000000702800000| PB 0x0000000702800000| Untracked 
|   6|0x0000000702a00000, 0x0000000702b615b0, 0x0000000702c00000| 69%| O|Cm|TAMS 0x0000000702a00000| PB 0x0000000702a00000| Complete 
|   7|0x0000000702c00000, 0x0000000702e00000, 0x0000000702e00000|100%| O|  |TAMS 0x0000000702c00000| PB 0x0000000702c00000| Untracked 
|   8|0x0000000702e00000, 0x0000000703000000, 0x0000000703000000|100%| O|  |TAMS 0x0000000702e00000| PB 0x0000000702e00000| Untracked 
|   9|0x0000000703000000, 0x0000000703200000, 0x0000000703200000|100%| O|  |TAMS 0x0000000703000000| PB 0x0000000703000000| Untracked 
|  10|0x0000000703200000, 0x0000000703400000, 0x0000000703400000|100%| O|  |TAMS 0x0000000703200000| PB 0x0000000703200000| Untracked 
|  11|0x0000000703400000, 0x0000000703400000, 0x0000000703600000|  0%| F|  |TAMS 0x0000000703400000| PB 0x0000000703400000| Untracked 
|  12|0x0000000703600000, 0x0000000703600000, 0x0000000703800000|  0%| F|  |TAMS 0x0000000703600000| PB 0x0000000703600000| Untracked 
|  13|0x0000000703800000, 0x0000000703800000, 0x0000000703a00000|  0%| F|  |TAMS 0x0000000703800000| PB 0x0000000703800000| Untracked 
|  14|0x0000000703a00000, 0x0000000703a00000, 0x0000000703c00000|  0%| F|  |TAMS 0x0000000703a00000| PB 0x0000000703a00000| Untracked 
|  15|0x0000000703c00000, 0x0000000703c00000, 0x0000000703e00000|  0%| F|  |TAMS 0x0000000703c00000| PB 0x0000000703c00000| Untracked 
|  16|0x0000000703e00000, 0x0000000703e00000, 0x0000000704000000|  0%| F|  |TAMS 0x0000000703e00000| PB 0x0000000703e00000| Untracked 
|  17|0x0000000704000000, 0x0000000704000000, 0x0000000704200000|  0%| F|  |TAMS 0x0000000704000000| PB 0x0000000704000000| Untracked 
|  18|0x0000000704200000, 0x0000000704200000, 0x0000000704400000|  0%| F|  |TAMS 0x0000000704200000| PB 0x0000000704200000| Untracked 
|  19|0x0000000704400000, 0x0000000704400000, 0x0000000704600000|  0%| F|  |TAMS 0x0000000704400000| PB 0x0000000704400000| Untracked 
|  20|0x0000000704600000, 0x0000000704600000, 0x0000000704800000|  0%| F|  |TAMS 0x0000000704600000| PB 0x0000000704600000| Untracked 
|  21|0x0000000704800000, 0x0000000704800000, 0x0000000704a00000|  0%| F|  |TAMS 0x0000000704800000| PB 0x0000000704800000| Untracked 
|  22|0x0000000704a00000, 0x0000000704a00000, 0x0000000704c00000|  0%| F|  |TAMS 0x0000000704a00000| PB 0x0000000704a00000| Untracked 
|  23|0x0000000704c00000, 0x0000000704c00000, 0x0000000704e00000|  0%| F|  |TAMS 0x0000000704c00000| PB 0x0000000704c00000| Untracked 
|  24|0x0000000704e00000, 0x0000000704e00000, 0x0000000705000000|  0%| F|  |TAMS 0x0000000704e00000| PB 0x0000000704e00000| Untracked 
|  25|0x0000000705000000, 0x0000000705000000, 0x0000000705200000|  0%| F|  |TAMS 0x0000000705000000| PB 0x0000000705000000| Untracked 
|  26|0x0000000705200000, 0x0000000705200000, 0x0000000705400000|  0%| F|  |TAMS 0x0000000705200000| PB 0x0000000705200000| Untracked 
|  27|0x0000000705400000, 0x0000000705400000, 0x0000000705600000|  0%| F|  |TAMS 0x0000000705400000| PB 0x0000000705400000| Untracked 
|  28|0x0000000705600000, 0x0000000705600000, 0x0000000705800000|  0%| F|  |TAMS 0x0000000705600000| PB 0x0000000705600000| Untracked 
|  29|0x0000000705800000, 0x0000000705800000, 0x0000000705a00000|  0%| F|  |TAMS 0x0000000705800000| PB 0x0000000705800000| Untracked 
|  30|0x0000000705a00000, 0x0000000705a00000, 0x0000000705c00000|  0%| F|  |TAMS 0x0000000705a00000| PB 0x0000000705a00000| Untracked 
|  31|0x0000000705c00000, 0x0000000705c00000, 0x0000000705e00000|  0%| F|  |TAMS 0x0000000705c00000| PB 0x0000000705c00000| Untracked 
|  32|0x0000000705e00000, 0x0000000705e00000, 0x0000000706000000|  0%| F|  |TAMS 0x0000000705e00000| PB 0x0000000705e00000| Untracked 
|  33|0x0000000706000000, 0x00000007060486b0, 0x0000000706200000| 14%| E|  |TAMS 0x0000000706000000| PB 0x0000000706000000| Complete 
|  34|0x0000000706200000, 0x0000000706400000, 0x0000000706400000|100%| E|CS|TAMS 0x0000000706200000| PB 0x0000000706200000| Complete 
|  35|0x0000000706400000, 0x0000000706600000, 0x0000000706600000|100%| E|CS|TAMS 0x0000000706400000| PB 0x0000000706400000| Complete 
|  36|0x0000000706600000, 0x0000000706800000, 0x0000000706800000|100%| E|CS|TAMS 0x0000000706600000| PB 0x0000000706600000| Complete 
|  37|0x0000000706800000, 0x0000000706a00000, 0x0000000706a00000|100%| E|CS|TAMS 0x0000000706800000| PB 0x0000000706800000| Complete 
|  38|0x0000000706a00000, 0x0000000706c00000, 0x0000000706c00000|100%| E|  |TAMS 0x0000000706a00000| PB 0x0000000706a00000| Complete 
|  39|0x0000000706c00000, 0x0000000706e00000, 0x0000000706e00000|100%| E|CS|TAMS 0x0000000706c00000| PB 0x0000000706c00000| Complete 
|  40|0x0000000706e00000, 0x0000000707000000, 0x0000000707000000|100%| E|CS|TAMS 0x0000000706e00000| PB 0x0000000706e00000| Complete 
|  41|0x0000000707000000, 0x0000000707200000, 0x0000000707200000|100%| E|CS|TAMS 0x0000000707000000| PB 0x0000000707000000| Complete 
|  42|0x0000000707200000, 0x0000000707400000, 0x0000000707400000|100%| E|CS|TAMS 0x0000000707200000| PB 0x0000000707200000| Complete 
|  43|0x0000000707400000, 0x0000000707600000, 0x0000000707600000|100%| E|CS|TAMS 0x0000000707400000| PB 0x0000000707400000| Complete 
|  44|0x0000000707600000, 0x0000000707800000, 0x0000000707800000|100%| E|CS|TAMS 0x0000000707600000| PB 0x0000000707600000| Complete 
|  45|0x0000000707800000, 0x0000000707a00000, 0x0000000707a00000|100%| E|CS|TAMS 0x0000000707800000| PB 0x0000000707800000| Complete 
|  46|0x0000000707a00000, 0x0000000707c00000, 0x0000000707c00000|100%| E|CS|TAMS 0x0000000707a00000| PB 0x0000000707a00000| Complete 
|  47|0x0000000707c00000, 0x0000000707e00000, 0x0000000707e00000|100%| E|CS|TAMS 0x0000000707c00000| PB 0x0000000707c00000| Complete 
|  48|0x0000000707e00000, 0x0000000708000000, 0x0000000708000000|100%| E|CS|TAMS 0x0000000707e00000| PB 0x0000000707e00000| Complete 
|  72|0x000000070ae00000, 0x000000070ae2b300, 0x000000070b000000|  8%| S|CS|TAMS 0x000000070ae00000| PB 0x000000070ae00000| Complete 
|  73|0x000000070b000000, 0x000000070b200000, 0x000000070b200000|100%| S|CS|TAMS 0x000000070b000000| PB 0x000000070b000000| Complete 
| 100|0x000000070e600000, 0x000000070e800000, 0x000000070e800000|100%| S|CS|TAMS 0x000000070e600000| PB 0x000000070e600000| Complete 
| 101|0x000000070e800000, 0x000000070ea00000, 0x000000070ea00000|100%| S|CS|TAMS 0x000000070e800000| PB 0x000000070e800000| Complete 
| 127|0x0000000711c00000, 0x0000000711e00000, 0x0000000711e00000|100%| E|CS|TAMS 0x0000000711c00000| PB 0x0000000711c00000| Complete 

Card table byte_map: [0x000002a88fcf0000,0x000002a8904f0000] _byte_map_base: 0x000002a88c4e1000

Marking Bits: (CMBitMap*) 0x000002a883ff1780
 Bits: [0x000002a8904f0000, 0x000002a894478000)

Polling page: 0x000002a881d80000

Metaspace:

Usage:
  Non-class:     54.79 MB used.
      Class:      9.07 MB used.
       Both:     63.87 MB used.

Virtual space:
  Non-class space:       64.00 MB reserved,      55.19 MB ( 86%) committed,  1 nodes.
      Class space:        1.00 GB reserved,       9.38 MB ( <1%) committed,  1 nodes.
             Both:        1.06 GB reserved,      64.56 MB (  6%) committed. 

Chunk freelists:
   Non-Class:  8.17 MB
       Class:  6.44 MB
        Both:  14.61 MB

MaxMetaspaceSize: unlimited
CompressedClassSpaceSize: 1.00 GB
Initial GC threshold: 21.00 MB
Current GC threshold: 98.25 MB
CDS: on
 - commit_granule_bytes: 65536.
 - commit_granule_words: 8192.
 - virtual_space_node_default_size: 8388608.
 - enlarge_chunks_in_place: 1.
 - use_allocation_guard: 0.


Internal statistics:

num_allocs_failed_limit: 9.
num_arena_births: 1114.
num_arena_deaths: 0.
num_vsnodes_births: 2.
num_vsnodes_deaths: 0.
num_space_committed: 1033.
num_space_uncommitted: 0.
num_chunks_returned_to_freelist: 9.
num_chunks_taken_from_freelist: 3495.
num_chunk_merges: 9.
num_chunk_splits: 2528.
num_chunks_enlarged: 1920.
num_inconsistent_stats: 0.

CodeCache: size=49152Kb used=9817Kb max_used=11100Kb free=39334Kb
 bounds [0x000002a88c3e0000, 0x000002a88cec0000, 0x000002a88f3e0000]
 total_blobs=6046 nmethods=5353 adapters=615
 compilation: enabled
              stopped_count=0, restarted_count=0
 full_count=0

Compilation events (20 events):
Event: 38.011 Thread 0x000002a896f5f810 5419       1       org.thymeleaf.standard.processor.StandardDefaultAttributesTagProcessor::getMatchingAttributeName (5 bytes)
Event: 38.011 Thread 0x000002a896f5f810 nmethod 5419 0x000002a88c675f90 code [0x000002a88c676120, 0x000002a88c6761f0]
Event: 38.012 Thread 0x000002a896f5f810 5420       1       org.thymeleaf.engine.HTMLAttributeName::forName (159 bytes)
Event: 38.012 Thread 0x000002a896f5f810 nmethod 5420 0x000002a88c674b90 code [0x000002a88c674e60, 0x000002a88c675a00]
Event: 38.012 Thread 0x000002a896f5f810 5421       1       org.thymeleaf.engine.HTMLAttributeName::<init> (20 bytes)
Event: 38.012 Thread 0x000002a896f5f810 nmethod 5421 0x000002a88c674790 code [0x000002a88c674940, 0x000002a88c674af0]
Event: 38.015 Thread 0x000002a896f5f810 5422       1       org.thymeleaf.engine.AttributeDefinitions::buildHTMLAttributeDefinition (251 bytes)
Event: 38.015 Thread 0x000002a896f5f810 nmethod 5422 0x000002a88c673410 code [0x000002a88c673720, 0x000002a88c674100]
Event: 38.018 Thread 0x000002a896f5f810 5423       1       org.thymeleaf.engine.AttributeDefinitions$AttributeDefinitionRepository::binarySearch (83 bytes)
Event: 38.018 Thread 0x000002a896f5f810 nmethod 5423 0x000002a88c672e90 code [0x000002a88c673060, 0x000002a88c673280]
Event: 38.019 Thread 0x000002a896f5f810 5424       1       org.thymeleaf.engine.AttributeDefinitions::forName (149 bytes)
Event: 38.020 Thread 0x000002a896f5f810 nmethod 5424 0x000002a88c671690 code [0x000002a88c6719e0, 0x000002a88c672720]
Event: 38.020 Thread 0x000002a896f5f810 5427       1       org.thymeleaf.util.ProcessorConfigurationUtils$AbstractProcessorWrapper::setElementDefinitions (24 bytes)
Event: 38.020 Thread 0x000002a896f5f810 nmethod 5427 0x000002a88c671090 code [0x000002a88c671260, 0x000002a88c671548]
Event: 38.020 Thread 0x000002a896f5f810 5428       1       org.thymeleaf.util.ProcessorConfigurationUtils$AbstractProcessorWrapper::setAttributeDefinitions (24 bytes)
Event: 38.020 Thread 0x000002a896f5f810 nmethod 5428 0x000002a88c670c90 code [0x000002a88c670e40, 0x000002a88c670ff0]
Event: 38.020 Thread 0x000002a896f5f810 5425       1       org.thymeleaf.engine.AttributeDefinitions::forHTMLName (34 bytes)
Event: 38.020 Thread 0x000002a896f5f810 nmethod 5425 0x000002a88c670790 code [0x000002a88c670960, 0x000002a88c670b58]
Event: 38.020 Thread 0x000002a896f5f810 5426   !   1       org.thymeleaf.engine.AttributeDefinitions$AttributeDefinitionRepository::getAttribute (161 bytes)
Event: 38.021 Thread 0x000002a896f5f810 nmethod 5426 0x000002a88c66fd90 code [0x000002a88c670000, 0x000002a88c6704d0]

GC Heap History (20 events):
Event: 2.224 GC heap before
{Heap before GC invocations=0 (full 0):
 garbage-first heap   total 262144K, used 20480K [0x0000000701e00000, 0x0000000800000000)
  region size 2048K, 11 young (22528K), 0 survivors (0K)
 Metaspace       used 6389K, committed 6720K, reserved 1114112K
  class space    used 750K, committed 896K, reserved 1048576K
}
Event: 2.232 GC heap after
{Heap after GC invocations=1 (full 0):
 garbage-first heap   total 262144K, used 7702K [0x0000000701e00000, 0x0000000800000000)
  region size 2048K, 2 young (4096K), 2 survivors (4096K)
 Metaspace       used 6389K, committed 6720K, reserved 1114112K
  class space    used 750K, committed 896K, reserved 1048576K
}
Event: 3.413 GC heap before
{Heap before GC invocations=1 (full 0):
 garbage-first heap   total 262144K, used 34326K [0x0000000701e00000, 0x0000000800000000)
  region size 2048K, 15 young (30720K), 2 survivors (4096K)
 Metaspace       used 11497K, committed 11968K, reserved 1114112K
  class space    used 1514K, committed 1728K, reserved 1048576K
}
Event: 3.418 GC heap after
{Heap after GC invocations=2 (full 0):
 garbage-first heap   total 262144K, used 9636K [0x0000000701e00000, 0x0000000800000000)
  region size 2048K, 1 young (2048K), 1 survivors (2048K)
 Metaspace       used 11497K, committed 11968K, reserved 1114112K
  class space    used 1514K, committed 1728K, reserved 1048576K
}
Event: 4.109 GC heap before
{Heap before GC invocations=2 (full 0):
 garbage-first heap   total 262144K, used 56740K [0x0000000701e00000, 0x0000000800000000)
  region size 2048K, 25 young (51200K), 1 survivors (2048K)
 Metaspace       used 21030K, committed 21440K, reserved 1114112K
  class space    used 2788K, committed 2944K, reserved 1048576K
}
Event: 4.115 GC heap after
{Heap after GC invocations=3 (full 0):
 garbage-first heap   total 262144K, used 13477K [0x0000000701e00000, 0x0000000800000000)
  region size 2048K, 3 young (6144K), 3 survivors (6144K)
 Metaspace       used 21030K, committed 21440K, reserved 1114112K
  class space    used 2788K, committed 2944K, reserved 1048576K
}
Event: 4.569 GC heap before
{Heap before GC invocations=4 (full 0):
 garbage-first heap   total 55296K, used 40101K [0x0000000701e00000, 0x0000000800000000)
  region size 2048K, 16 young (32768K), 3 survivors (6144K)
 Metaspace       used 22834K, committed 23296K, reserved 1114112K
  class space    used 3064K, committed 3264K, reserved 1048576K
}
Event: 4.576 GC heap after
{Heap after GC invocations=5 (full 0):
 garbage-first heap   total 55296K, used 14982K [0x0000000701e00000, 0x0000000800000000)
  region size 2048K, 1 young (2048K), 1 survivors (2048K)
 Metaspace       used 22834K, committed 23296K, reserved 1114112K
  class space    used 3064K, committed 3264K, reserved 1048576K
}
Event: 5.109 GC heap before
{Heap before GC invocations=5 (full 0):
 garbage-first heap   total 55296K, used 39558K [0x0000000701e00000, 0x0000000800000000)
  region size 2048K, 13 young (26624K), 1 survivors (2048K)
 Metaspace       used 26494K, committed 27072K, reserved 1114112K
  class space    used 3633K, committed 3904K, reserved 1048576K
}
Event: 5.113 GC heap after
{Heap after GC invocations=6 (full 0):
 garbage-first heap   total 55296K, used 16896K [0x0000000701e00000, 0x0000000800000000)
  region size 2048K, 2 young (4096K), 2 survivors (4096K)
 Metaspace       used 26494K, committed 27072K, reserved 1114112K
  class space    used 3633K, committed 3904K, reserved 1048576K
}
Event: 5.471 GC heap before
{Heap before GC invocations=6 (full 0):
 garbage-first heap   total 55296K, used 41472K [0x0000000701e00000, 0x0000000800000000)
  region size 2048K, 14 young (28672K), 2 survivors (4096K)
 Metaspace       used 29996K, committed 30592K, reserved 1114112K
  class space    used 4115K, committed 4352K, reserved 1048576K
}
Event: 5.475 GC heap after
{Heap after GC invocations=7 (full 0):
 garbage-first heap   total 55296K, used 19326K [0x0000000701e00000, 0x0000000800000000)
  region size 2048K, 2 young (4096K), 2 survivors (4096K)
 Metaspace       used 29996K, committed 30592K, reserved 1114112K
  class space    used 4115K, committed 4352K, reserved 1048576K
}
Event: 5.836 GC heap before
{Heap before GC invocations=7 (full 0):
 garbage-first heap   total 55296K, used 39806K [0x0000000701e00000, 0x0000000800000000)
  region size 2048K, 13 young (26624K), 2 survivors (4096K)
 Metaspace       used 35195K, committed 35776K, reserved 1114112K
  class space    used 4727K, committed 4992K, reserved 1048576K
}
Event: 5.840 GC heap after
{Heap after GC invocations=8 (full 0):
 garbage-first heap   total 55296K, used 21046K [0x0000000701e00000, 0x0000000800000000)
  region size 2048K, 2 young (4096K), 2 survivors (4096K)
 Metaspace       used 35195K, committed 35776K, reserved 1114112K
  class space    used 4727K, committed 4992K, reserved 1048576K
}
Event: 6.314 GC heap before
{Heap before GC invocations=9 (full 0):
 garbage-first heap   total 55296K, used 41526K [0x0000000701e00000, 0x0000000800000000)
  region size 2048K, 13 young (26624K), 2 survivors (4096K)
 Metaspace       used 40584K, committed 41280K, reserved 1114112K
  class space    used 5640K, committed 5952K, reserved 1048576K
}
Event: 6.318 GC heap after
{Heap after GC invocations=10 (full 0):
 garbage-first heap   total 159744K, used 22701K [0x0000000701e00000, 0x0000000800000000)
  region size 2048K, 2 young (4096K), 2 survivors (4096K)
 Metaspace       used 40584K, committed 41280K, reserved 1114112K
  class space    used 5640K, committed 5952K, reserved 1048576K
}
Event: 7.773 GC heap before
{Heap before GC invocations=10 (full 0):
 garbage-first heap   total 159744K, used 100525K [0x0000000701e00000, 0x0000000800000000)
  region size 2048K, 42 young (86016K), 2 survivors (4096K)
 Metaspace       used 59308K, committed 59968K, reserved 1114112K
  class space    used 8366K, committed 8640K, reserved 1048576K
}
Event: 7.781 GC heap after
{Heap after GC invocations=11 (full 0):
 garbage-first heap   total 159744K, used 27572K [0x0000000701e00000, 0x0000000800000000)
  region size 2048K, 5 young (10240K), 5 survivors (10240K)
 Metaspace       used 59308K, committed 59968K, reserved 1114112K
  class space    used 8366K, committed 8640K, reserved 1048576K
}
Event: 7.825 GC heap before
{Heap before GC invocations=11 (full 0):
 garbage-first heap   total 159744K, used 29620K [0x0000000701e00000, 0x0000000800000000)
  region size 2048K, 7 young (14336K), 5 survivors (10240K)
 Metaspace       used 59610K, committed 60288K, reserved 1114112K
  class space    used 8406K, committed 8704K, reserved 1048576K
}
Event: 7.831 GC heap after
{Heap after GC invocations=12 (full 0):
 garbage-first heap   total 159744K, used 28210K [0x0000000701e00000, 0x0000000800000000)
  region size 2048K, 4 young (8192K), 4 survivors (8192K)
 Metaspace       used 59610K, committed 60288K, reserved 1114112K
  class space    used 8406K, committed 8704K, reserved 1048576K
}

Dll operation events (13 events):
Event: 0.099 Loaded shared library C:\Program Files\Java\jdk-21\bin\java.dll
Event: 0.552 Loaded shared library C:\Program Files\Java\jdk-21\bin\zip.dll
Event: 0.559 Loaded shared library C:\Program Files\Java\jdk-21\bin\instrument.dll
Event: 0.573 Loaded shared library C:\Program Files\Java\jdk-21\bin\net.dll
Event: 0.577 Loaded shared library C:\Program Files\Java\jdk-21\bin\nio.dll
Event: 0.583 Loaded shared library C:\Program Files\Java\jdk-21\bin\zip.dll
Event: 0.870 Loaded shared library C:\Program Files\Java\jdk-21\bin\jimage.dll
Event: 0.941 Loaded shared library C:\Program Files\JetBrains\IntelliJ IDEA 2024.3.1.1\bin\breakgen64.dll
Event: 0.980 Loaded shared library C:\Program Files\Java\jdk-21\bin\management.dll
Event: 0.987 Loaded shared library C:\Program Files\Java\jdk-21\bin\extnet.dll
Event: 1.002 Loaded shared library C:\Program Files\Java\jdk-21\bin\management_ext.dll
Event: 3.920 Loaded shared library C:\Program Files\Java\jdk-21\bin\sunmscapi.dll
Event: 6.074 Loaded shared library C:\Program Files\Java\jdk-21\bin\verify.dll

Deoptimization events (0 events):
No events

Classes loaded (20 events):
Event: 37.539 Loading class java/lang/invoke/ConstantBootstraps
Event: 37.540 Loading class java/lang/invoke/ConstantBootstraps done
Event: 37.581 Loading class sun/nio/cs/ThreadLocalCoders
Event: 37.581 Loading class sun/nio/cs/ThreadLocalCoders done
Event: 37.581 Loading class sun/nio/cs/ThreadLocalCoders$1
Event: 37.581 Loading class sun/nio/cs/ThreadLocalCoders$Cache
Event: 37.581 Loading class sun/nio/cs/ThreadLocalCoders$Cache done
Event: 37.581 Loading class sun/nio/cs/ThreadLocalCoders$1 done
Event: 37.581 Loading class sun/nio/cs/ThreadLocalCoders$2
Event: 37.581 Loading class sun/nio/cs/ThreadLocalCoders$2 done
Event: 37.753 Loading class java/util/AbstractMap$SimpleEntry
Event: 37.754 Loading class java/util/AbstractMap$SimpleEntry done
Event: 37.768 Loading class java/util/regex/Pattern$SliceI
Event: 37.768 Loading class java/util/regex/Pattern$SliceI done
Event: 37.768 Loading class java/util/regex/Pattern$Bound
Event: 37.768 Loading class java/util/regex/Pattern$Bound done
Event: 37.806 Loading class jdk/internal/reflect/MethodHandleDoubleFieldAccessorImpl
Event: 37.806 Loading class jdk/internal/reflect/MethodHandleDoubleFieldAccessorImpl done
Event: 37.992 Loading class java/util/EnumMap$EntryIterator$Entry
Event: 37.992 Loading class java/util/EnumMap$EntryIterator$Entry done

Classes unloaded (0 events):
No events

Classes redefined (0 events):
No events

Internal exceptions (20 events):
Event: 7.184 Thread 0x000002a8dd30dd10 Exception <a 'java/lang/NoSuchMethodError'{0x0000000708d0e298}: 'java.lang.Object java.lang.invoke.Invokers$Holder.linkToTargetMethod(java.lang.Object, java.lang.Object, java.lang.Object, java.lang.Object, java.lang.Object, java.lang.Object, int, java.lang.Object)'> (0x0000000708d0e298) 
thrown [s\open\src\hotspot\share\interpreter\linkResolver.cpp, line 773]
Event: 7.237 Thread 0x000002a8dd30dd10 Exception <a 'java/lang/NoSuchMethodError'{0x0000000708bf3d10}: 'void java.lang.invoke.Invokers$Holder.invokeExact_MT(java.lang.Object, java.lang.Object, java.lang.Object, java.lang.Object)'> (0x0000000708bf3d10) 
thrown [s\open\src\hotspot\share\interpreter\linkResolver.cpp, line 773]
Event: 7.297 Thread 0x000002a8dd30dd10 Exception <a 'java/lang/IncompatibleClassChangeError'{0x0000000708448df8}: Found class java.lang.Object, but interface was expected> (0x0000000708448df8) 
thrown [s\open\src\hotspot\share\interpreter\linkResolver.cpp, line 840]
Event: 7.324 Thread 0x000002a8dd30dd10 Exception <a 'java/lang/IncompatibleClassChangeError'{0x00000007085e4dc8}: Found class java.lang.Object, but interface was expected> (0x00000007085e4dc8) 
thrown [s\open\src\hotspot\share\interpreter\linkResolver.cpp, line 840]
Event: 7.423 Thread 0x000002a8dd30dd10 Exception <a 'java/lang/IncompatibleClassChangeError'{0x0000000707fd6ec8}: Found class java.lang.Object, but interface was expected> (0x0000000707fd6ec8) 
thrown [s\open\src\hotspot\share\interpreter\linkResolver.cpp, line 840]
Event: 7.494 Thread 0x000002a8dd30dd10 Exception <a 'java/lang/NoSuchMethodError'{0x0000000707be6620}: 'java.lang.Object java.lang.invoke.DirectMethodHandle$Holder.newInvokeSpecial(java.lang.Object, java.lang.Object, java.lang.Object, java.lang.Object, java.lang.Object, java.lang.Object, java.lang.Object, java.lang.Object)'> (0x0000000707be6620) 
thrown [s\open\src\hotspot\share\interpreter\linkResolver.cpp, line 773]
Event: 7.682 Thread 0x000002a8dd30dd10 Exception <a 'java/lang/IncompatibleClassChangeError'{0x00000007071d7030}: Found class java.lang.Object, but interface was expected> (0x00000007071d7030) 
thrown [s\open\src\hotspot\share\interpreter\linkResolver.cpp, line 840]
Event: 7.717 Thread 0x000002a8dd30dd10 Exception <a 'java/lang/NoSuchMethodError'{0x0000000706fa0170}: 'void java.lang.invoke.DirectMethodHandle$Holder.invokeVirtual(java.lang.Object, java.lang.Object, long)'> (0x0000000706fa0170) 
thrown [s\open\src\hotspot\share\interpreter\linkResolver.cpp, line 773]
Event: 7.752 Thread 0x000002a8dd30dd10 Exception <a 'java/lang/NoSuchMethodError'{0x0000000706a3b478}: 'int java.lang.invoke.DirectMethodHandle$Holder.invokeStaticInit(java.lang.Object, java.lang.Object, java.lang.Object, java.lang.Object)'> (0x0000000706a3b478) 
thrown [s\open\src\hotspot\share\interpreter\linkResolver.cpp, line 773]
Event: 7.848 Thread 0x000002a8dd30dd10 Exception <a 'java/lang/IncompatibleClassChangeError'{0x0000000711c8de08}: Found class java.lang.Object, but interface was expected> (0x0000000711c8de08) 
thrown [s\open\src\hotspot\share\interpreter\linkResolver.cpp, line 840]
Event: 7.877 Thread 0x000002a8dd30dd10 Exception <a 'java/lang/NoSuchMethodError'{0x0000000707e21690}: 'java.lang.Object java.lang.invoke.Invokers$Holder.invoke_MT(java.lang.Object, java.lang.Object, java.lang.Object, java.lang.Object, java.lang.Object, java.lang.Object, java.lang.Object, java.lang.Object, java.lang.Object, java.lang.Object, java.lang.Object)'> (0x0000000707e21690) 
thrown [s\open\src\hotspot\share\interpreter\linkResolver.cpp, line 773]
Event: 7.955 Thread 0x000002a8dd30dd10 Exception <a 'java/lang/NoSuchMethodError'{0x0000000707a49268}: 'java.lang.Object java.lang.invoke.DirectMethodHandle$Holder.newInvokeSpecial(java.lang.Object, java.lang.Object, int, java.lang.Object, java.lang.Object)'> (0x0000000707a49268) 
thrown [s\open\src\hotspot\share\interpreter\linkResolver.cpp, line 773]
Event: 8.165 Thread 0x000002a8dc9db730 Exception <a 'java/lang/NoSuchMethodError'{0x0000000707452f28}: 'java.lang.Object java.lang.invoke.DirectMethodHandle$Holder.invokeInterface(java.lang.Object, java.lang.Object, java.lang.Object, java.lang.Object, java.lang.Object, java.lang.Object, java.lang.Object)'> (0x0000000707452f28) 
thrown [s\open\src\hotspot\share\interpreter\linkResolver.cpp, line 773]
Event: 37.578 Thread 0x000002a8df85a450 Exception <a 'java/lang/NoSuchMethodError'{0x00000007073fe368}: 'java.lang.Object java.lang.invoke.DirectMethodHandle$Holder.invokeSpecial(java.lang.Object, java.lang.Object, java.lang.Object, java.lang.Object, java.lang.Object, long)'> (0x00000007073fe368) 
thrown [s\open\src\hotspot\share\interpreter\linkResolver.cpp, line 773]
Event: 37.578 Thread 0x000002a8df85a450 Exception <a 'java/lang/NoSuchMethodError'{0x0000000707001b80}: 'java.lang.Object java.lang.invoke.Invokers$Holder.linkToTargetMethod(java.lang.Object, java.lang.Object, java.lang.Object, long, java.lang.Object)'> (0x0000000707001b80) 
thrown [s\open\src\hotspot\share\interpreter\linkResolver.cpp, line 773]
Event: 37.721 Thread 0x000002a8df85a450 Exception <a 'java/lang/NoSuchMethodError'{0x0000000706b0f238}: 'java.lang.Object java.lang.invoke.DirectMethodHandle$Holder.invokeInterface(java.lang.Object, java.lang.Object, java.lang.Object, java.lang.Object)'> (0x0000000706b0f238) 
thrown [s\open\src\hotspot\share\interpreter\linkResolver.cpp, line 773]
Event: 37.730 Thread 0x000002a8df85a450 Exception <a 'java/lang/IncompatibleClassChangeError'{0x0000000706b8d6b0}: Found class java.lang.Object, but interface was expected> (0x0000000706b8d6b0) 
thrown [s\open\src\hotspot\share\interpreter\linkResolver.cpp, line 840]
Event: 37.805 Thread 0x000002a8df85a450 Exception <a 'java/lang/NoSuchMethodError'{0x0000000706733c30}: 'void java.lang.invoke.Invokers$Holder.invokeExact_MT(java.lang.Object, java.lang.Object, int, java.lang.Object)'> (0x0000000706733c30) 
thrown [s\open\src\hotspot\share\interpreter\linkResolver.cpp, line 773]
Event: 37.806 Thread 0x000002a8df85a450 Exception <a 'java/lang/NoSuchMethodError'{0x000000070673ce90}: 'void java.lang.invoke.DelegatingMethodHandle$Holder.reinvoke_L(java.lang.Object, java.lang.Object, double)'> (0x000000070673ce90) 
thrown [s\open\src\hotspot\share\interpreter\linkResolver.cpp, line 773]
Event: 37.817 Thread 0x000002a8df85a450 Exception <a 'java/lang/IncompatibleClassChangeError'{0x0000000706776990}: Found class java.lang.Object, but interface was expected> (0x0000000706776990) 
thrown [s\open\src\hotspot\share\interpreter\linkResolver.cpp, line 840]

ZGC Phase Switch (0 events):
No events

VM Operations (20 events):
Event: 21.028 Executing VM operation: Cleanup
Event: 21.029 Executing VM operation: Cleanup done
Event: 26.074 Executing VM operation: Cleanup
Event: 26.074 Executing VM operation: Cleanup done
Event: 27.076 Executing VM operation: Cleanup
Event: 27.076 Executing VM operation: Cleanup done
Event: 29.091 Executing VM operation: Cleanup
Event: 29.091 Executing VM operation: Cleanup done
Event: 36.145 Executing VM operation: Cleanup
Event: 36.145 Executing VM operation: Cleanup done
Event: 37.537 Executing VM operation: HandshakeAllThreads (Deoptimize)
Event: 37.537 Executing VM operation: HandshakeAllThreads (Deoptimize) done
Event: 37.591 Executing VM operation: HandshakeAllThreads (Deoptimize)
Event: 37.591 Executing VM operation: HandshakeAllThreads (Deoptimize) done
Event: 37.827 Executing VM operation: HandshakeAllThreads (Deoptimize)
Event: 37.827 Executing VM operation: HandshakeAllThreads (Deoptimize) done
Event: 37.827 Executing VM operation: Cleanup
Event: 37.827 Executing VM operation: Cleanup done
Event: 37.856 Executing VM operation: HandshakeAllThreads (Deoptimize)
Event: 37.856 Executing VM operation: HandshakeAllThreads (Deoptimize) done

Events (20 events):
Event: 7.966 Thread 0x000002a8df859730 Thread added: 0x000002a8df859730
Event: 7.966 Thread 0x000002a8df9d9610 Thread added: 0x000002a8df9d9610
Event: 7.966 Thread 0x000002a8df9d9ca0 Thread added: 0x000002a8df9d9ca0
Event: 7.966 Thread 0x000002a8df9da330 Thread added: 0x000002a8df9da330
Event: 7.976 Thread 0x000002a8df9deb60 Thread added: 0x000002a8df9deb60
Event: 7.977 Thread 0x000002a8df9df1f0 Thread added: 0x000002a8df9df1f0
Event: 7.990 Thread 0x000002a8dd30dd10 Thread exited: 0x000002a8dd30dd10
Event: 7.992 Thread 0x000002a8dd30c960 Thread exited: 0x000002a8dd30c960
Event: 7.992 Thread 0x000002a881dca7f0 Thread exited: 0x000002a881dca7f0
Event: 7.992 Thread 0x000002a8df9de4d0 Thread added: 0x000002a8df9de4d0
Event: 8.140 Thread 0x000002a8df9da9c0 Thread added: 0x000002a8df9da9c0
Event: 8.147 Thread 0x000002a8df9da9c0 Thread exited: 0x000002a8df9da9c0
Event: 8.148 Thread 0x000002a8df9dbd70 Thread added: 0x000002a8df9dbd70
Event: 8.168 Thread 0x000002a8df9dbd70 Thread exited: 0x000002a8df9dbd70
Event: 8.170 Thread 0x000002a8df9d8f80 Thread added: 0x000002a8df9d8f80
Event: 8.178 Thread 0x000002a8df9d8f80 Thread exited: 0x000002a8df9d8f80
Event: 9.569 Thread 0x000002a8dc1cd180 Thread exited: 0x000002a8dc1cd180
Event: 11.246 Thread 0x000002a8dd30c2d0 Thread exited: 0x000002a8dd30c2d0
Event: 11.647 Thread 0x000002a8dc1ccad0 Thread exited: 0x000002a8dc1ccad0
Event: 12.678 Thread 0x000002a8dc1ca410 Thread exited: 0x000002a8dc1ca410


Dynamic libraries:
0x00007ff690090000 - 0x00007ff6900a0000 	C:\Program Files\Java\jdk-21\bin\java.exe
0x00007ff9d5a30000 - 0x00007ff9d5c46000 	C:\WINDOWS\SYSTEM32\ntdll.dll
0x00007ff9d4bd0000 - 0x00007ff9d4c94000 	C:\WINDOWS\System32\KERNEL32.DLL
0x00007ff9d2e40000 - 0x00007ff9d31e7000 	C:\WINDOWS\System32\KERNELBASE.dll
0x00007ff9d3640000 - 0x00007ff9d3751000 	C:\WINDOWS\System32\ucrtbase.dll
0x00007ff9bcc60000 - 0x00007ff9bcc7b000 	C:\Program Files\Java\jdk-21\bin\VCRUNTIME140.dll
0x00007ff9bb0a0000 - 0x00007ff9bb0b9000 	C:\Program Files\Java\jdk-21\bin\jli.dll
0x00007ff9d5200000 - 0x00007ff9d52b2000 	C:\WINDOWS\System32\ADVAPI32.dll
0x00007ff9d3760000 - 0x00007ff9d3807000 	C:\WINDOWS\System32\msvcrt.dll
0x00007ff9d5150000 - 0x00007ff9d51f8000 	C:\WINDOWS\System32\sechost.dll
0x00007ff9d2d50000 - 0x00007ff9d2d78000 	C:\WINDOWS\System32\bcrypt.dll
0x00007ff9d52d0000 - 0x00007ff9d53e5000 	C:\WINDOWS\System32\RPCRT4.dll
0x00007ff9d3ce0000 - 0x00007ff9d3e8e000 	C:\WINDOWS\System32\USER32.dll
0x00007ff9d3430000 - 0x00007ff9d3456000 	C:\WINDOWS\System32\win32u.dll
0x00007ff9bd6d0000 - 0x00007ff9bd963000 	C:\WINDOWS\WinSxS\amd64_microsoft.windows.common-controls_6595b64144ccf1df_6.0.22621.3235_none_270f74e173860f98\COMCTL32.dll
0x00007ff9d4ba0000 - 0x00007ff9d4bc9000 	C:\WINDOWS\System32\GDI32.dll
0x00007ff9d3290000 - 0x00007ff9d33a9000 	C:\WINDOWS\System32\gdi32full.dll
0x00007ff9d31f0000 - 0x00007ff9d328a000 	C:\WINDOWS\System32\msvcp_win.dll
0x00007ff9c78d0000 - 0x00007ff9c78da000 	C:\WINDOWS\SYSTEM32\VERSION.dll
0x00007ff9d5600000 - 0x00007ff9d5631000 	C:\WINDOWS\System32\IMM32.DLL
0x00007ff9cc190000 - 0x00007ff9cc19c000 	C:\Program Files\Java\jdk-21\bin\vcruntime140_1.dll
0x00007ff941500000 - 0x00007ff94158e000 	C:\Program Files\Java\jdk-21\bin\msvcp140.dll
0x00007ff9407e0000 - 0x00007ff9414f7000 	C:\Program Files\Java\jdk-21\bin\server\jvm.dll
0x00007ff9d3f00000 - 0x00007ff9d3f71000 	C:\WINDOWS\System32\WS2_32.dll
0x00007ff9d1bc0000 - 0x00007ff9d1c0d000 	C:\WINDOWS\SYSTEM32\POWRPROF.dll
0x00007ff9ca060000 - 0x00007ff9ca094000 	C:\WINDOWS\SYSTEM32\WINMM.dll
0x00007ff9d1ba0000 - 0x00007ff9d1bb3000 	C:\WINDOWS\SYSTEM32\UMPDC.dll
0x00007ff9d1e50000 - 0x00007ff9d1e68000 	C:\WINDOWS\SYSTEM32\kernel.appcore.dll
0x00007ff9c0c30000 - 0x00007ff9c0c3a000 	C:\Program Files\Java\jdk-21\bin\jimage.dll
0x00007ff9d03d0000 - 0x00007ff9d0603000 	C:\WINDOWS\SYSTEM32\DBGHELP.DLL
0x00007ff9d4800000 - 0x00007ff9d4b88000 	C:\WINDOWS\System32\combase.dll
0x00007ff9d5070000 - 0x00007ff9d5147000 	C:\WINDOWS\System32\OLEAUT32.dll
0x00007ff9b76f0000 - 0x00007ff9b7722000 	C:\WINDOWS\SYSTEM32\dbgcore.DLL
0x00007ff9d33b0000 - 0x00007ff9d3429000 	C:\WINDOWS\System32\bcryptPrimitives.dll
0x00007ff9cd6b0000 - 0x00007ff9cd6bf000 	C:\Program Files\Java\jdk-21\bin\instrument.dll
0x00007ff9bda60000 - 0x00007ff9bda7f000 	C:\Program Files\Java\jdk-21\bin\java.dll
0x00007ff9d3fa0000 - 0x00007ff9d47fc000 	C:\WINDOWS\System32\SHELL32.dll
0x00007ff9d0c90000 - 0x00007ff9d1589000 	C:\WINDOWS\SYSTEM32\windows.storage.dll
0x00007ff9d0b50000 - 0x00007ff9d0c8e000 	C:\WINDOWS\SYSTEM32\wintypes.dll
0x00007ff9d5450000 - 0x00007ff9d5543000 	C:\WINDOWS\System32\SHCORE.dll
0x00007ff9d5650000 - 0x00007ff9d56ae000 	C:\WINDOWS\System32\shlwapi.dll
0x00007ff9d2c80000 - 0x00007ff9d2ca1000 	C:\WINDOWS\SYSTEM32\profapi.dll
0x00007ff9bb170000 - 0x00007ff9bb188000 	C:\Program Files\Java\jdk-21\bin\zip.dll
0x00007ff9bca80000 - 0x00007ff9bca90000 	C:\Program Files\Java\jdk-21\bin\net.dll
0x00007ff9ca7d0000 - 0x00007ff9ca906000 	C:\WINDOWS\SYSTEM32\WINHTTP.dll
0x00007ff9d22b0000 - 0x00007ff9d2319000 	C:\WINDOWS\system32\mswsock.dll
0x00007ff9af840000 - 0x00007ff9af856000 	C:\Program Files\Java\jdk-21\bin\nio.dll
0x00007ff9c0970000 - 0x00007ff9c098a000 	C:\Program Files\JetBrains\IntelliJ IDEA 2024.3.1.1\bin\breakgen64.dll
0x00007ff9d18d0000 - 0x00007ff9d19c9000 	C:\WINDOWS\SYSTEM32\DNSAPI.dll
0x00007ff9d1860000 - 0x00007ff9d188d000 	C:\WINDOWS\SYSTEM32\IPHLPAPI.DLL
0x00007ff9d52c0000 - 0x00007ff9d52c9000 	C:\WINDOWS\System32\NSI.dll
0x00007ff9bc4b0000 - 0x00007ff9bc4ba000 	C:\Windows\System32\rasadhlp.dll
0x00007ff9c8790000 - 0x00007ff9c8813000 	C:\WINDOWS\System32\fwpuclnt.dll
0x00007ff9cd530000 - 0x00007ff9cd53a000 	C:\Program Files\Java\jdk-21\bin\management.dll
0x00007ff9cd4c0000 - 0x00007ff9cd4c9000 	C:\Program Files\Java\jdk-21\bin\extnet.dll
0x00007ff9c0a00000 - 0x00007ff9c0a0b000 	C:\Program Files\Java\jdk-21\bin\management_ext.dll
0x00007ff9d5640000 - 0x00007ff9d5648000 	C:\WINDOWS\System32\PSAPI.DLL
0x00007ff9d2600000 - 0x00007ff9d261b000 	C:\WINDOWS\SYSTEM32\CRYPTSP.dll
0x00007ff9d1db0000 - 0x00007ff9d1de5000 	C:\WINDOWS\system32\rsaenh.dll
0x00007ff9d2350000 - 0x00007ff9d2378000 	C:\WINDOWS\SYSTEM32\USERENV.dll
0x00007ff9d25e0000 - 0x00007ff9d25ec000 	C:\WINDOWS\SYSTEM32\CRYPTBASE.dll
0x00007ff9b45b0000 - 0x00007ff9b45c7000 	C:\WINDOWS\system32\napinsp.dll
0x00007ff9b4460000 - 0x00007ff9b447b000 	C:\WINDOWS\system32\pnrpnsp.dll
0x00007ff9b43f0000 - 0x00007ff9b4401000 	C:\WINDOWS\System32\winrnr.dll
0x00007ff9c95f0000 - 0x00007ff9c9605000 	C:\WINDOWS\system32\wshbth.dll
0x00007ff9b43c0000 - 0x00007ff9b43e1000 	C:\WINDOWS\system32\nlansp_c.dll
0x00007ff9c6c20000 - 0x00007ff9c6c70000 	C:\WINDOWS\SYSTEM32\pdh.dll
0x00007ff9cd710000 - 0x00007ff9cd721000 	C:\WINDOWS\System32\perfproc.dll
0x00007ff9ae060000 - 0x00007ff9ae070000 	C:\WINDOWS\System32\perfos.dll
0x00007ff9cf550000 - 0x00007ff9cf560000 	C:\WINDOWS\SYSTEM32\pfclient.dll
0x00007ff9bc950000 - 0x00007ff9bc95e000 	C:\Program Files\Java\jdk-21\bin\sunmscapi.dll
0x00007ff9d34d0000 - 0x00007ff9d3636000 	C:\WINDOWS\System32\CRYPT32.dll
0x00007ff9d26f0000 - 0x00007ff9d271e000 	C:\WINDOWS\SYSTEM32\ncrypt.dll
0x00007ff9d26b0000 - 0x00007ff9d26e7000 	C:\WINDOWS\SYSTEM32\NTASN1.dll
0x00007ff9c8500000 - 0x00007ff9c8510000 	C:\Program Files\Java\jdk-21\bin\verify.dll
0x00007ff9bda20000 - 0x00007ff9bda28000 	C:\WINDOWS\system32\wshunix.dll

dbghelp: loaded successfully - version: 4.0.5 - missing functions: none
symbol engine: initialized successfully - sym options: 0x614 - pdb path: .;C:\Program Files\Java\jdk-21\bin;C:\WINDOWS\SYSTEM32;C:\WINDOWS\WinSxS\amd64_microsoft.windows.common-controls_6595b64144ccf1df_6.0.22621.3235_none_270f74e173860f98;C:\Program Files\Java\jdk-21\bin\server;C:\Program Files\JetBrains\IntelliJ IDEA 2024.3.1.1\bin

VM Arguments:
jvm_args: -XX:TieredStopAtLevel=1 -Dspring.output.ansi.enabled=always -Dcom.sun.management.jmxremote -Dspring.jmx.enabled=true -Dspring.liveBeansView.mbeanDomain -Dspring.application.admin.enabled=true -Dmanagement.endpoints.jmx.exposure.include=* -javaagent:C:\Program Files\JetBrains\IntelliJ IDEA 2024.3.1.1\lib\idea_rt.jar=59185:C:\Program Files\JetBrains\IntelliJ IDEA 2024.3.1.1\bin -Dfile.encoding=UTF-8 -Dsun.stdout.encoding=UTF-8 -Dsun.stderr.encoding=UTF-8 
java_command: com.example.bjwaexam.BjwaExamApplication
java_class_path (initial): C:\Users\admin\Documents\FPT_APTECH\SEM4\BJWA\SEM4_T2308M_BJWA_TEST\BJWA-exam\target\classes;C:\Users\admin\.m2\repository\org\springframework\boot\spring-boot-starter-data-jpa\3.4.3\spring-boot-starter-data-jpa-3.4.3.jar;C:\Users\admin\.m2\repository\org\springframework\boot\spring-boot-starter\3.4.3\spring-boot-starter-3.4.3.jar;C:\Users\admin\.m2\repository\org\springframework\boot\spring-boot-starter-logging\3.4.3\spring-boot-starter-logging-3.4.3.jar;C:\Users\admin\.m2\repository\ch\qos\logback\logback-classic\1.5.16\logback-classic-1.5.16.jar;C:\Users\admin\.m2\repository\ch\qos\logback\logback-core\1.5.16\logback-core-1.5.16.jar;C:\Users\admin\.m2\repository\org\apache\logging\log4j\log4j-to-slf4j\2.24.3\log4j-to-slf4j-2.24.3.jar;C:\Users\admin\.m2\repository\org\apache\logging\log4j\log4j-api\2.24.3\log4j-api-2.24.3.jar;C:\Users\admin\.m2\repository\org\slf4j\jul-to-slf4j\2.0.16\jul-to-slf4j-2.0.16.jar;C:\Users\admin\.m2\repository\jakarta\annotation\jakarta.annotation-api\2.1.1\jakarta.annotation-api-2.1.1.jar;C:\Users\admin\.m2\repository\org\yaml\snakeyaml\2.3\snakeyaml-2.3.jar;C:\Users\admin\.m2\repository\org\springframework\boot\spring-boot-starter-jdbc\3.4.3\spring-boot-starter-jdbc-3.4.3.jar;C:\Users\admin\.m2\repository\com\zaxxer\HikariCP\5.1.0\HikariCP-5.1.0.jar;C:\Users\admin\.m2\repository\org\springframework\spring-jdbc\6.2.3\spring-jdbc-6.2.3.jar;C:\Users\admin\.m2\repository\org\hibernate\orm\hibernate-core\6.6.8.Final\hibernate-core-6.6.8.Final.jar;C:\Users\admin\.m2\repository\jakarta\persistence\jakarta.persistence-api\3.1.0\jakarta.persistence-api-3.1.0.jar;C:\Users\admin\.m2\repository\jakarta\transaction\jakarta.transaction-api\2.0.1\jakarta.transaction-api-2.0.1.jar;C:\Users\admin\.m2\repository\org\jboss\logging\jboss-logging\3.6.1.Final\jboss-logging-3.6.1.Final.jar;C:\Users\admin\.m2\repository\org\hibernate\common\hibernate-commons-annotations\7.0.3.Final\hibernate-commons-annotations-7.0.3.Final.jar;C:\Users\admin\.m2\repository\io\smallrye\jandex\3.2.0\jandex-3.2.0.jar;C:\Users\admin\.m2\repository\com\fasterxml\classmate\1.7.0\classmate-1.7.0.jar;C:\Users\admin\.m2\repository\net\bytebuddy\byte-buddy\1.15.11\byte-buddy-1.15.11.jar;C:\Users\admin\.m2\repository\org\glassfish\jaxb\jaxb-runtime\4.0.5\jaxb-runtime-4.0.5.jar;C:\Users\admin\.m2\repository\org\glassfish\jaxb\jaxb-core\4.0.5\jaxb-core-4.0.5.jar;C:\Users\admin\.m2\repository\org\eclipse\angus\angus-activation\2.0.2\angus-activation-2.0.2.jar;C:\Users\admin\.m2\repository\org\glassfish\jaxb\txw2\4.0.5\txw2-4.0.5.jar;C:\Users\admin\.m2\repository\com\sun\istack\istack-commons-runtime\4.1.2\istack-commons-runtime-4.1.2.jar;C:\Users\admin\.m2\repository\jakarta\inject\jakarta.inject-api\2.0.1\jakarta.inject-api-2.0.1.jar;C:\Users\admin\.m2\repository\org\antlr\antlr4-runtime\4.13.0\antlr4-runtime-4.13.0.jar;C:\Users\admin\.m2\repository\org\springframework\data\spring-data-jpa\3.4.3\spring-data-jpa-3.4.3.jar;C:\Users\admin\.m2\repository\org\springframework\data\spring-data-commons\3.4.3\spring-data-commons-3.4.3.jar;C:\Users\admin\.m2\repository\org\springframework\spring-orm\6.2.3\spring-orm-6.2.3.jar;C:\Users\admin\.m2\repository\org\springframework\spring-context\6.2.3\spring-context-6.2.3.jar;C:\Users\admin\.m2\repository\org\springframework\spring-aop\6.2.3\spring-aop-6.2.3.jar;C:\Users\admin\.m2\repository\org\springframework\spring-tx\6.2.3\spring-tx-6.2.3.jar;C:\Users\admin\.m2\repository\org\springframework\spring-beans\6.2.3\spring-beans-6.2.3.jar;C:\Users\admin\.m2\repository\org\slf4j\slf4j-api\2.0.16\slf4j-api-2.0.16.jar;C:\Users\admin\.m2\repository\org\springframework\spring-aspects\6.2.3\spring-aspects-6.2.3.jar;C:\Users\admin\.m2\repository\org\aspectj\aspectjweaver\1.9.22.1\aspectjweaver-1.9.22.1.jar;C:\Users\admin\.m2\repository\org\springframework\boot\spring-boot-starter-thymeleaf\3.4.3\spring-boot-starter-thymeleaf-3.4.3.jar;C:\Users\admin\.m2\repository\org\thymeleaf\thymeleaf-spring6\3.1.3.RELEASE\thymeleaf-spring6-3.1.3.RELEASE.jar;C:\Users\admin\.m2\repository\org\thymeleaf\thymeleaf\3.1.3.RELEASE\thymeleaf-3.1.3.RELEASE.jar;C:\Users\admin\.m2\repository\org\attoparser\attoparser\2.0.7.RELEASE\attoparser-2.0.7.RELEASE.jar;C:\Users\admin\.m2\repository\org\unbescape\unbescape\1.1.6.RELEASE\unbescape-1.1.6.RELEASE.jar;C:\Users\admin\.m2\repository\org\springframework\boot\spring-boot-starter-web\3.4.3\spring-boot-starter-web-3.4.3.jar;C:\Users\admin\.m2\repository\org\springframework\boot\spring-boot-starter-json\3.4.3\spring-boot-starter-json-3.4.3.jar;C:\Users\admin\.m2\repository\com\fasterxml\jackson\core\jackson-databind\2.18.2\jackson-databind-2.18.2.jar;C:\Users\admin\.m2\repository\com\fasterxml\jackson\core\jackson-annotations\2.18.2\jackson-annotations-2.18.2.jar;C:\Users\admin\.m2\repository\com\fasterxml\jackson\core\jackson-core\2.18.2\jackson-core-2.18.2.jar;C:\Users\admin\.m2\repository\com\fasterxml\jackson\datatype\jackson-datatype-jdk8\2.18.2\jackson-datatype-jdk8-2.18.2.jar;C:\Users\admin\.m2\repository\com\fasterxml\jackson\datatype\jackson-datatype-jsr310\2.18.2\jackson-datatype-jsr310-2.18.2.jar;C:\Users\admin\.m2\repository\com\fasterxml\jackson\module\jackson-module-parameter-names\2.18.2\jackson-module-parameter-names-2.18.2.jar;C:\Users\admin\.m2\repository\org\springframework\boot\spring-boot-starter-tomcat\3.4.3\spring-boot-starter-tomcat-3.4.3.jar;C:\Users\admin\.m2\repository\org\apache\tomcat\embed\tomcat-embed-core\10.1.36\tomcat-embed-core-10.1.36.jar;C:\Users\admin\.m2\repository\org\apache\tomcat\embed\tomcat-embed-el\10.1.36\tomcat-embed-el-10.1.36.jar;C:\Users\admin\.m2\repository\org\apache\tomcat\embed\tomcat-embed-websocket\10.1.36\tomcat-embed-websocket-10.1.36.jar;C:\Users\admin\.m2\repository\org\springframework\spring-web\6.2.3\spring-web-6.2.3.jar;C:\Users\admin\.m2\repository\io\micrometer\micrometer-observation\1.14.4\micrometer-observation-1.14.4.jar;C:\Users\admin\.m2\repository\io\micrometer\micrometer-commons\1.14.4\micrometer-commons-1.14.4.jar;C:\Users\admin\.m2\repository\org\springframework\spring-webmvc\6.2.3\spring-webmvc-6.2.3.jar;C:\Users\admin\.m2\repository\org\springframework\spring-expression\6.2.3\spring-expression-6.2.3.jar;C:\Users\admin\.m2\repository\org\springframework\boot\spring-boot-devtools\3.4.3\spring-boot-devtools-3.4.3.jar;C:\Users\admin\.m2\repository\org\springframework\boot\spring-boot\3.4.3\spring-boot-3.4.3.jar;C:\Users\admin\.m2\repository\org\springframework\boot\spring-boot-autoconfigure\3.4.3\spring-boot-autoconfigure-3.4.3.jar;C:\Users\admin\.m2\repository\com\mysql\mysql-connector-j\9.1.0\mysql-connector-j-9.1.0.jar;C:\Users\admin\.m2\repository\jakarta\xml\bind\jakarta.xml.bind-api\4.0.2\jakarta.xml.bind-api-4.0.2.jar;C:\Users\admin\.m2\repository\jakarta\activation\jakarta.activation-api\2.1.3\jakarta.activation-api-2.1.3.jar;C:\Users\admin\.m2\repository\org\springframework\spring-core\6.2.3\spring-core-6.2.3.jar;C:\Users\admin\.m2\repository\org\springframework\spring-jcl\6.2.3\spring-jcl-6.2.3.jar
Launcher Type: SUN_STANDARD

[Global flags]
     intx CICompilerCount                          = 4                                         {product} {ergonomic}
     uint ConcGCThreads                            = 2                                         {product} {ergonomic}
     uint G1ConcRefinementThreads                  = 8                                         {product} {ergonomic}
   size_t G1HeapRegionSize                         = 2097152                                   {product} {ergonomic}
    uintx GCDrainStackTargetSize                   = 64                                        {product} {ergonomic}
   size_t InitialHeapSize                          = 268435456                                 {product} {ergonomic}
     bool ManagementServer                         = true                                      {product} {command line}
   size_t MarkStackSize                            = 4194304                                   {product} {ergonomic}
   size_t MaxHeapSize                              = 4263510016                                {product} {ergonomic}
   size_t MaxNewSize                               = 2556428288                                {product} {ergonomic}
   size_t MinHeapDeltaBytes                        = 2097152                                   {product} {ergonomic}
   size_t MinHeapSize                              = 8388608                                   {product} {ergonomic}
    uintx NonNMethodCodeHeapSize                   = 4096                                   {pd product} {ergonomic}
    uintx NonProfiledCodeHeapSize                  = 0                                      {pd product} {ergonomic}
     bool ProfileInterpreter                       = false                                  {pd product} {command line}
    uintx ProfiledCodeHeapSize                     = 0                                      {pd product} {ergonomic}
   size_t SoftMaxHeapSize                          = 4263510016                             {manageable} {ergonomic}
     intx TieredStopAtLevel                        = 1                                         {product} {command line}
     bool UseCompressedOops                        = true                           {product lp64_product} {ergonomic}
     bool UseG1GC                                  = true                                      {product} {ergonomic}
     bool UseLargePagesIndividualAllocation        = false                                  {pd product} {ergonomic}

Logging:
Log output configuration:
 #0: stdout all=warning uptime,level,tags foldmultilines=false
 #1: stderr all=off uptime,level,tags foldmultilines=false

Environment Variables:
PATH=C:\Program Files\Microsoft SDKs\Azure\CLI2\wbin;C:\Program Files\Common Files\Oracle\Java\javapath;C:\Python312\Scripts\;C:\Python312\;C:\Program Files\Python311\Scripts\;C:\Program Files\Python311\;C:\WINDOWS\system32;C:\WINDOWS;C:\WINDOWS\System32\Wbem;C:\WINDOWS\System32\WindowsPowerShell\v1.0\;C:\WINDOWS\System32\OpenSSH\;C:\Program Files\Intel\WiFi\bin\;C:\Program Files\Common Files\Intel\WirelessCommon\;C:\Program Files\nodejs\;C:\ProgramData\chocolatey\bin;C:\Program Files (x86)\Microsoft SQL Server\160\Tools\Binn\;C:\Program Files\Microsoft SQL Server\160\Tools\Binn\;C:\Program Files\Microsoft SQL Server\Client SDK\ODBC\170\Tools\Binn\;C:\Program Files\Microsoft SQL Server\160\DTS\Binn\;C:\Program Files (x86)\Microsoft SQL Server\160\DTS\Binn\;C:\Program Files\Azure Data Studio\bin;C:\xampp\php;C:\xampp;C:\Program Files\dotnet\;C:\SQLite;C:\Program Files\Microsoft SQL Server\150\Tools\Binn\;C:\ProgramData\ComposerSetup\bin;C:\Users\admin\.cargo\bin;C:\Program Files\Docker\Docker\resources\bin;C:\Users\admin\Downloads\apache-maven-3.9.9-bin\apache-maven-3.9.9\bin;C:\Program Files\Git\cmd;C:\xampp\mysql\bin;C:\Users\admin\Downloads\flutter_windows_3.27.4-stable\flutter\bin;C:\Users\admin\.cargo\bin;C:\Users\admin\AppData\Local\Microsoft\WindowsApps;C:\Users\admin\AppData\Local\Programs\Microsoft VS Code\bin;C:\Users\admin\AppData\Local\GitHubDesktop\bin;C:\Users\admin\AppData\Roaming\npm;C:\Program Files\Azure Data Studio\bin;C:\Program Files\JetBrains\PhpStorm 2023.3.2\bin;;C:\Users\admin\AppData\Roaming\Composer\vendor\bin;C:\Program Files\JetBrains\IntelliJ IDEA Community Edition 2023.3.5\bin;;C:\Users\admin\.dotnet\tools;C:\Users\admin\Downloads\php-8.2.22-src.zip;C:\Users\admin\.cargo\bin;C:\Users\admin\Downloads\apache-maven-3.9.9-bin\apache-maven-3.9.9\bin;C:\Program Files\OpenSSL-Win64\bin;
USERNAME=admin
OS=Windows_NT
PROCESSOR_IDENTIFIER=Intel64 Family 6 Model 142 Stepping 10, GenuineIntel
TMP=C:\Users\admin\AppData\Local\Temp
TEMP=C:\Users\admin\AppData\Local\Temp




Periodic native trim disabled

---------------  S Y S T E M  ---------------

OS:
 Windows 11 , 64 bit Build 22621 (10.0.22621.3374)
OS uptime: 4 days 12:05 hours
Hyper-V role detected

CPU: total 8 (initial active 8) (4 cores per cpu, 2 threads per core) family 6 model 142 stepping 10 microcode 0xe0, cx8, cmov, fxsr, ht, mmx, 3dnowpref, sse, sse2, sse3, ssse3, sse4.1, sse4.2, popcnt, lzcnt, tsc, tscinvbit, avx, avx2, aes, erms, clmul, bmi1, bmi2, rtm, adx, fma, vzeroupper, clflush, clflushopt, hv, rdtscp, f16c
Processor Information for all 8 processors :
  Max Mhz: 1896, Current Mhz: 1696, Mhz Limit: 1687

Memory: 4k page, system-wide physical 16263M (2452M free)
TotalPageFile size 16263M (AvailPageFile size 32M)
current process WorkingSet (physical memory assigned to process): 249M, peak: 289M
current process commit charge ("private bytes"): 310M, peak: 386M

vm_info: Java HotSpot(TM) 64-Bit Server VM (21.0.2+13-LTS-58) for windows-amd64 JRE (21.0.2+13-LTS-58), built on 2024-01-05T18:32:24Z by "mach5one" with MS VC++ 17.1 (VS2022)

END.
